"id","species","region","n_in","n_out","sd_ens_in","sd_ens_out","bootsd_in","bootsd_out","sd_ens_in_q90","mean_val_in"
"137205","Caretta caretta","ALASKA",64000,335549,9.442390625,11.6216469129695,3.237609375,2.77561250368799,15,62.2503125
"137205","Caretta caretta","GULF",64314,2799,7.50408931181391,11.8042157913541,3.1072394812949,3.8313683458378,13,71.9182293124359
"137205","Caretta caretta","ATL",98158,1883,6.20036064304489,16.1364843335104,3.30349029116323,4.77535847052576,12,73.3608467980195
"137205","Caretta caretta","GLOBAL",3594664,13477441,7.90730065452571,11.3107162554078,3.59882453547814,2.2042182933689,14,66.0058609093924
"137206","Chelonia mydas","ALASKA",922,398627,8.96420824295011,5.71626106610942,6.2114967462039,1.49483853326543,15,57.560737527115
"137206","Chelonia mydas","GULF",55693,11420,5.85007092453271,8.03660245183888,2.19160397177383,4.62206654991243,13,77.9501732713267
"137206","Chelonia mydas","ATL",36955,63086,10.6728994723312,7.32709317439685,2.77172236503856,5.35973116063786,26,80.3885807062644
"137206","Chelonia mydas","GLOBAL",1330597,15741508,11.1245012577061,4.6128644727049,2.84273600496619,1.42179516727368,25,76.6315698893053
"137209","Dermochelys coriacea","ALASKA",409,399140,10.6528117359413,5.88229192764444,3.76039119804401,0.417968632560004,16,62.6870415647922
"137209","Dermochelys coriacea","GULF",37614,29499,7.25644706758122,20.4209295230347,3.25620779496996,4.76690735279162,15,77.4047960865635
"137209","Dermochelys coriacea","ATL",66210,33831,9.59472889291648,12.7099110283468,2.97350853345416,3.93606455617629,19,75.8551125207672
"137209","Dermochelys coriacea","GLOBAL",3077773,13994332,8.74840704626365,8.49967251027059,2.89502864571234,1.49349372303015,17,67.0967166844338
"137207","Eretmochelys imbricata","ALASKA",25,399524,12,5.685438171424,4.4,1.2033319650384,16.6,57.72
"137207","Eretmochelys imbricata","GULF",35636,31477,10.9438769783365,13.2024970613464,2.74222696149961,4.31454712965022,28,78.8221461443484
"137207","Eretmochelys imbricata","ATL",12226,87815,8.13299525601178,5.29754597733872,3.23809913299526,3.38807720776633,25,75.2366268607885
"137207","Eretmochelys imbricata","GLOBAL",658683,16413422,11.4237076104894,6.23215664594501,2.87449197869081,1.43948282082798,25,78.4293400619114
"137208","Lepidochelys kempii","ALASKA",669,398880,16.1300448430493,4.29696650621741,2.73692077727952,0.557949759326113,23,37.5680119581465
"137208","Lepidochelys kempii","GULF",13539,53574,15.3699682398995,4.99307499906671,3.52854716005613,1.09183559189159,27,76.2370189821996
"137208","Lepidochelys kempii","ATL",17825,82216,16.7495652173913,6.81555901527683,3.89194950911641,1.3616449352924,28,66.2348948106592
"137208","Lepidochelys kempii","GLOBAL",177658,16894447,19.3999482151099,2.16220181696388,4.14787963390334,0.343131089167938,28,59.6410687951007
"220293","Lepidochelys olivacea","ALASKA",2491,397058,14.6800481734243,10.1999304887447,5.69610598153352,1.94626477743806,19,61.7731834604576
"220293","Lepidochelys olivacea","GULF",11752,55361,8.95719877467665,7.62926970249815,6.31722260040844,3.45176207077184,15,68.7736555479918
"220293","Lepidochelys olivacea","ATL",4140,95901,9.50966183574879,3.98963514457618,6.40458937198068,0.87307744444792,15,68.2910628019324
"220293","Lepidochelys olivacea","GLOBAL",1126795,15945310,10.3510079473196,8.08667445160991,4.18435385318536,1.96826684460823,20,74.2339857738098
"159023","Eubalaena glacialis","ALASKA",1043,398506,3.54074784276127,3.36604718624061,8.10546500479386,1.70658660095457,7,88.0412272291467
"159023","Eubalaena glacialis","GULF",487,66626,17.8131416837782,6.26135442619998,5.66735112936345,3.13361150301684,22,86.7392197125257
"159023","Eubalaena glacialis","ATL",14166,85875,7.78413101793026,4.42207860262009,1.90088945362135,2.49575545851528,17,92.6538190032472
"159023","Eubalaena glacialis","GLOBAL",94453,16977652,6.91300435137052,2.65380689862179,3.38531333043948,1.20982035678432,17,90.3961229394514
