"id","species","region","thr","none","native_ecoregions","fit_ecoregions","fit_region","fit_region_max_depth","convex_hull","minbounding_circle","buffer100m","sd_le_10","sd_le_5"
"137205","Caretta caretta","ALASKA","mtp",226003,218050,218050,218050,218050,56,16490,0,90139,28119
"137205","Caretta caretta","ALASKA","p10",64000,63993,63993,63993,63993,2,4530,0,35301,14703
"137205","Caretta caretta","ALASKA","maxsss",69934,69920,69920,69920,69920,5,5063,0,38773,16186
"137205","Caretta caretta","GULF","mtp",67091,67091,67091,67091,67091,67091,67091,25155,51857,24032
"137205","Caretta caretta","GULF","p10",64314,64314,64314,64314,64314,64314,64314,24685,50318,24000
"137205","Caretta caretta","GULF","maxsss",65081,65081,65081,65081,65081,65081,65081,24820,50764,24030
"137205","Caretta caretta","ATL","mtp",100029,100029,100029,100029,100029,100029,99233,43412,83235,53911
"137205","Caretta caretta","ATL","p10",98158,98158,98158,98158,98158,98158,97573,42558,82544,53815
"137205","Caretta caretta","ATL","maxsss",98547,98547,98547,98547,98547,98547,97944,42735,82770,53873
"137206","Chelonia mydas","ALASKA","mtp",162881,147088,147088,147088,147088,0,66675,0,127962,45168
"137206","Chelonia mydas","ALASKA","p10",922,922,922,922,922,0,787,0,559,260
"137206","Chelonia mydas","ALASKA","maxsss",2912,2889,2889,2889,2889,0,2254,0,1518,611
"137206","Chelonia mydas","GULF","mtp",67113,67113,67113,67113,67113,67113,66977,52882,54318,34996
"137206","Chelonia mydas","GULF","p10",55693,55693,55693,55693,55693,55693,55557,47459,45631,32227
"137206","Chelonia mydas","GULF","maxsss",66147,66147,66147,66147,66147,66147,66011,51994,53764,34880
"137206","Chelonia mydas","ATL","mtp",99821,99821,99821,99821,99821,99821,99821,50007,73278,41328
"137206","Chelonia mydas","ATL","p10",36955,36955,36955,36955,36955,36955,36955,32629,23254,16137
"137206","Chelonia mydas","ATL","maxsss",40571,40571,40571,40571,40571,40571,40571,34812,24245,16312
"137209","Dermochelys coriacea","ALASKA","mtp",6593,5133,5133,5133,5133,4533,6441,28,4025,1412
"137209","Dermochelys coriacea","ALASKA","p10",409,409,409,409,409,356,402,0,238,4
"137209","Dermochelys coriacea","ALASKA","maxsss",529,529,529,529,529,459,521,1,295,13
"137209","Dermochelys coriacea","GULF","mtp",57458,57458,57458,57458,57458,57458,19550,39272,28507,17958
"137209","Dermochelys coriacea","GULF","p10",37614,37614,37614,37614,37614,37614,4887,32057,28419,17957
"137209","Dermochelys coriacea","GULF","maxsss",38611,38611,38611,38611,38611,38611,5414,32664,28439,17957
"137209","Dermochelys coriacea","ATL","mtp",98642,98642,98642,98642,98642,98642,12037,60834,53310,29328
"137209","Dermochelys coriacea","ATL","p10",66210,66210,66210,66210,66210,66210,12022,48458,39336,25106
"137209","Dermochelys coriacea","ATL","maxsss",74781,74781,74781,74781,74781,74781,12027,51747,42726,26505
"137207","Eretmochelys imbricata","ALASKA","mtp",219575,92647,92647,92641,92640,0,50170,0,151668,86660
"137207","Eretmochelys imbricata","ALASKA","p10",25,24,24,24,24,0,6,0,12,2
"137207","Eretmochelys imbricata","ALASKA","maxsss",984,691,691,691,691,0,378,0,419,55
"137207","Eretmochelys imbricata","GULF","mtp",67113,67113,67113,67074,67065,67113,67113,38709,27526,16299
"137207","Eretmochelys imbricata","GULF","p10",35636,35636,35636,35597,35588,35636,35636,24875,21117,14728
"137207","Eretmochelys imbricata","GULF","maxsss",52499,52499,52499,52460,52451,52499,52499,33798,22624,14837
"137207","Eretmochelys imbricata","ATL","mtp",87615,87615,87615,86196,85509,87615,87615,24778,72021,53179
"137207","Eretmochelys imbricata","ATL","p10",12226,12226,12226,12226,12226,12226,12226,7769,9105,6600
"137207","Eretmochelys imbricata","ATL","maxsss",18800,18800,18800,18800,18800,18800,18800,11441,12115,8009
"137208","Lepidochelys kempii","ALASKA","mtp",399549,0,0,0,0,0,0,0,376934,287904
"137208","Lepidochelys kempii","ALASKA","p10",669,0,0,0,0,0,0,0,61,0
"137208","Lepidochelys kempii","ALASKA","maxsss",12431,0,0,0,0,0,0,0,4691,0
"137208","Lepidochelys kempii","GULF","mtp",67113,67113,67113,67049,67038,67062,67052,26140,49350,40153
"137208","Lepidochelys kempii","GULF","p10",13539,13539,13539,13539,13539,13490,13478,12879,5168,1787
"137208","Lepidochelys kempii","GULF","maxsss",16508,16508,16508,16508,16508,16457,16447,15145,5550,1788
"137208","Lepidochelys kempii","ATL","mtp",100041,100041,100041,92195,86960,98884,100041,38376,67915,55140
"137208","Lepidochelys kempii","ATL","p10",17825,17825,17825,17825,17825,17595,17825,16073,5258,2299
"137208","Lepidochelys kempii","ATL","maxsss",27082,27082,27082,27082,27082,26624,27082,23704,5398,2299
"220293","Lepidochelys olivacea","ALASKA","mtp",87771,76406,76406,76406,76406,0,45114,0,37802,8439
"220293","Lepidochelys olivacea","ALASKA","p10",2491,2226,2226,2226,2226,0,749,0,208,1
"220293","Lepidochelys olivacea","ALASKA","maxsss",7687,7366,7366,7366,7366,0,3627,0,1371,21
"220293","Lepidochelys olivacea","GULF","mtp",41701,41701,41701,41701,41701,41701,343,1235,30642,12129
"220293","Lepidochelys olivacea","GULF","p10",11752,11752,11752,11752,11752,11752,176,629,7792,3112
"220293","Lepidochelys olivacea","GULF","maxsss",15448,15448,15448,15448,15448,15448,203,701,10155,3945
"220293","Lepidochelys olivacea","ATL","mtp",13002,13002,13002,13002,13002,13002,6888,905,9410,4977
"220293","Lepidochelys olivacea","ATL","p10",4140,4140,4140,4140,4140,4140,1212,452,2377,1042
"220293","Lepidochelys olivacea","ATL","maxsss",5214,5214,5214,5214,5214,5214,1874,499,3128,1340
"159023","Eubalaena glacialis","ALASKA","mtp",27870,0,0,0,0,0,0,0,15498,4920
"159023","Eubalaena glacialis","ALASKA","p10",1043,0,0,0,0,0,0,0,1005,804
"159023","Eubalaena glacialis","ALASKA","maxsss",12714,0,0,0,0,0,0,0,9259,3422
"159023","Eubalaena glacialis","GULF","mtp",8882,8882,8882,8882,8882,5421,6162,1300,4091,1464
"159023","Eubalaena glacialis","GULF","p10",487,487,487,487,487,253,327,195,18,0
"159023","Eubalaena glacialis","GULF","maxsss",4182,4182,4182,4182,4182,2443,2837,873,1818,979
"159023","Eubalaena glacialis","ATL","mtp",21346,21346,21346,21243,21233,20629,21346,20543,11758,7051
"159023","Eubalaena glacialis","ATL","p10",14166,14166,14166,14166,14166,14133,14166,14159,10356,6531
"159023","Eubalaena glacialis","ATL","maxsss",18732,18732,18732,18716,18709,18230,18732,18278,11477,6986
