"id","species","region","n_valid","n_gt0","n_ge_mtp","n_ge_p10","n_ge_maxsss","max_val"
"137205","Caretta caretta","ALASKA",399549,383090,226003,64000,69934,79
"137205","Caretta caretta","GULF",67113,67113,67091,64314,65081,93
"137205","Caretta caretta","ATL",100041,100041,100029,98158,98547,93
"137205","Caretta caretta","GLOBAL",17072105,14540922,7683329,3594664,3902761,93
"137206","Chelonia mydas","ALASKA",399549,289096,162881,922,2912,74
"137206","Chelonia mydas","GULF",67113,67113,67113,55693,66147,99
"137206","Chelonia mydas","ATL",100041,100041,99821,36955,40571,99
"137206","Chelonia mydas","GLOBAL",17072105,11989368,8032387,1330597,1633376,99
"137209","Dermochelys coriacea","ALASKA",399549,117979,6593,409,529,83
"137209","Dermochelys coriacea","GULF",67113,67113,57458,37614,38611,95
"137209","Dermochelys coriacea","ATL",100041,100041,98642,66210,74781,98
"137209","Dermochelys coriacea","GLOBAL",17072105,10262105,7878683,3077773,3500101,98
"137207","Eretmochelys imbricata","ALASKA",399549,370027,219575,25,984,73
"137207","Eretmochelys imbricata","GULF",67113,67113,67113,35636,52499,99
"137207","Eretmochelys imbricata","ATL",100041,100041,87615,12226,18800,99
"137207","Eretmochelys imbricata","GLOBAL",17072105,14559262,10512228,658683,1062398,99
"137208","Lepidochelys kempii","ALASKA",399549,283467,399549,669,12431,72
"137208","Lepidochelys kempii","GULF",67113,52336,67113,13539,16508,98
"137208","Lepidochelys kempii","ATL",100041,84405,100041,17825,27082,99
"137208","Lepidochelys kempii","GLOBAL",17072105,3610757,17072105,177658,308449,99
"220293","Lepidochelys olivacea","ALASKA",399549,318690,87771,2491,7687,93
"220293","Lepidochelys olivacea","GULF",67113,67108,41701,11752,15448,98
"220293","Lepidochelys olivacea","ATL",100041,46509,13002,4140,5214,94
"220293","Lepidochelys olivacea","GLOBAL",17072105,12863930,5335672,1126795,1480916,99
"159023","Eubalaena glacialis","ALASKA",399549,146519,27870,1043,12714,96
"159023","Eubalaena glacialis","GULF",67113,49488,8882,487,4182,95
"159023","Eubalaena glacialis","ATL",100041,49750,21346,14166,18732,98
"159023","Eubalaena glacialis","GLOBAL",17072105,5953195,517861,94453,303678,99
