"sp","method","n_fold_rows","auc","cbi","tss_maxsss","sens_maxsss","spec_maxsss","tss_p10","sens_p10","spec_p10"
"Cc","maxent",5,0.73539859201536,0.971704134831478,0.352528808588184,0.707528833576349,0.644999975011835,0.275054758713093,0.898334029726418,0.376720728986675
"Cc","rf",5,0.788928867879635,0.96561896189619,0.477839469256707,0.868247465954576,0.609592003302131,0.442015706078038,0.898334029726418,0.543681676351619
"Cc","xgboost",5,0.768631466131607,0.966432934885595,0.432629251390356,0.797341518440117,0.635287732950239,0.396191401752208,0.898334029726418,0.497857372025789
"Cc","ensemble",5,0.764319642008867,0.967918677204421,0.420999176411749,0.791039272657014,0.629959903754735,0.37108728884778,0.898334029726418,0.472753259121361
"Cm","maxent",5,0.84880939122439,0.975174317431743,0.609951912414581,0.738520550837374,0.871431361577207,0.440420208513354,0.899873994457593,0.540546214055762
"Cm","rf",5,0.905559748978299,0.996061206120612,0.687827222196209,0.846165188946145,0.841662033250064,0.643190789354053,0.900409272860022,0.742781516494031
"Cm","xgboost",5,0.898910148282521,0.992524440301761,0.656868793077183,0.83779901215297,0.819069780924213,0.615895681584281,0.900362453806103,0.715533227778179
"Cm","ensemble",5,0.88442642949507,0.987919987951372,0.651549309229324,0.807494917312163,0.844054391917161,0.566502226483896,0.900215240374573,0.666286986109324
"Dc","maxent",5,0.712807170009006,0.801864066957697,0.375147689076979,0.918025843678029,0.45712184539895,0.350273868068777,0.899744519502484,0.450529348566293
"Dc","rf",5,0.763213389203601,0.93435330010287,0.43061366207236,0.88789196724185,0.54272169483051,0.416829994127638,0.900510719980074,0.516319274147564
"Dc","xgboost",5,0.744326604730376,0.94987877126049,0.397482402645881,0.872743476235269,0.524738926410612,0.384488952387164,0.899744519502484,0.48474443288468
"Dc","ensemble",5,0.740115721314328,0.895365379440352,0.401081251265073,0.892887095718383,0.508194155546691,0.38386427152786,0.899999919661681,0.483864351866179
"Ei","maxent",5,0.871266921342988,0.794437521234813,0.643515079557947,0.821576761300737,0.82193831825721,0.536345668765923,0.899099449129529,0.637246219636394
"Ei","rf",5,0.920881105451894,0.991186295275638,0.732754025621045,0.86249694989283,0.870257075728216,0.681612950173666,0.899601961692343,0.782010988481323
"Ei","xgboost",5,0.910132625571011,0.979945944983041,0.702033404365406,0.835330507066824,0.866702897298582,0.656577926326705,0.899388466470569,0.757189459856136
"Ei","ensemble",5,0.900760217455298,0.921856587164497,0.692767503181466,0.839801406086797,0.852966097094669,0.624845515088764,0.899363292430813,0.725482222657951
"Lk","maxent",5,0.935755973129651,0.761555603880534,0.778232024275518,0.879984321217911,0.898247703057607,0.690748914585458,0.894681263804859,0.796067650780598
"Lk","rf",5,0.940969660545182,0.903813507220921,0.796558768677079,0.885763551296372,0.910795217380707,0.718433632579374,0.894681263804859,0.823752368774515
"Lk","xgboost",5,0.935071720736889,0.799019586190661,0.765261064203674,0.828059180410452,0.937201883793222,0.704545642266647,0.898384967508563,0.806160674758084
"Lk","ensemble",5,0.937265784803907,0.821462899097372,0.780017285718757,0.864602350974912,0.915414934743845,0.704576063143826,0.895915831706094,0.808660231437732
"Lo","maxent",5,0.801164592714867,0.887391785089882,0.485097575605374,0.701495887874651,0.783601687730724,0.407386780656495,0.899306898053466,0.50807988260303
"Lo","rf",5,0.860017320533933,0.992820265228067,0.594505863017998,0.808966046135835,0.785539816882163,0.546639058453749,0.899868695806275,0.646770362647474
"Lo","xgboost",5,0.83848246508021,0.97531112421767,0.536318807980972,0.749564523477015,0.786754284503956,0.469332785926627,0.899868695806275,0.569464090120352
"Lo","ensemble",5,0.833221459443003,0.95184105817854,0.538640748868115,0.753342152495834,0.785298596372281,0.47445287501229,0.899681429888672,0.574771445123619
"Eg","maxent",5,0.882747221975075,0.409889269491043,0.73987195112615,0.972895622895623,0.766976328230527,0.664379796625872,0.871111111111111,0.793268685514761
"Eg","rf",5,0.907223272115946,0.699584731738236,0.735938504607003,0.926262626262626,0.809675878344377,0.669676571447547,0.871111111111111,0.798565460336436
"Eg","xgboost",5,0.8818451820386,0.625867837443327,0.724392305861335,0.846262626262626,0.878129679598709,0.617786807517707,0.871111111111111,0.746675696406596
"Eg","ensemble",5,0.890605225376541,0.578447279557535,0.733400920531496,0.915140291806959,0.818260628724537,0.650614391863709,0.871111111111111,0.779503280752598
