"id","species","region","band","share_valid","n_p10_admitted","n_p10"
"137205","Caretta caretta","ALASKA","native_ecoregions",0.621270482468984,63993,64000
"137205","Caretta caretta","ALASKA","fit_ecoregions",0.621270482468984,63993,64000
"137205","Caretta caretta","ALASKA","fit_region",0.621270482468984,63993,64000
"137205","Caretta caretta","ALASKA","fit_region_max_depth",0.621270482468984,63993,64000
"137205","Caretta caretta","ALASKA","convex_hull",0.000140158028176769,2,64000
"137205","Caretta caretta","ALASKA","minbounding_circle",0.171998928792213,4530,64000
"137205","Caretta caretta","ALASKA","buffer100m",0,0,64000
"137205","Caretta caretta","GULF","native_ecoregions",1,64314,64314
"137205","Caretta caretta","GULF","fit_ecoregions",1,64314,64314
"137205","Caretta caretta","GULF","fit_region",1,64314,64314
"137205","Caretta caretta","GULF","fit_region_max_depth",1,64314,64314
"137205","Caretta caretta","GULF","convex_hull",1,64314,64314
"137205","Caretta caretta","GULF","minbounding_circle",1,64314,64314
"137205","Caretta caretta","GULF","buffer100m",0.374875210465931,24685,64314
"137205","Caretta caretta","ATL","native_ecoregions",1,98158,98158
"137205","Caretta caretta","ATL","fit_ecoregions",1,98158,98158
"137205","Caretta caretta","ATL","fit_region",1,98158,98158
"137205","Caretta caretta","ATL","fit_region_max_depth",1,98158,98158
"137205","Caretta caretta","ATL","convex_hull",1,98158,98158
"137205","Caretta caretta","ATL","minbounding_circle",0.991923311442309,97573,98158
"137205","Caretta caretta","ATL","buffer100m",0.434062034565828,42558,98158
"137205","Caretta caretta","GLOBAL","native_ecoregions",0.837435512492455,3572835,3594664
"137205","Caretta caretta","GLOBAL","fit_ecoregions",0.837435512492455,3572835,3594664
"137205","Caretta caretta","GLOBAL","fit_region",0.837410852381707,3572824,3594664
"137205","Caretta caretta","GLOBAL","fit_region_max_depth",0.837404760572876,3572816,3594664
"137205","Caretta caretta","GLOBAL","convex_hull",0.491069496116618,3329135,3594664
"137205","Caretta caretta","GLOBAL","minbounding_circle",0.738549405594682,2963300,3594664
"137205","Caretta caretta","GLOBAL","buffer100m",0.0818052021118661,1073894,3594664
"137206","Chelonia mydas","ALASKA","native_ecoregions",0.621270482468984,922,922
"137206","Chelonia mydas","ALASKA","fit_ecoregions",0.621270482468984,922,922
"137206","Chelonia mydas","ALASKA","fit_region",0.617290995597536,922,922
"137206","Chelonia mydas","ALASKA","fit_region_max_depth",0.616883035622665,922,922
"137206","Chelonia mydas","ALASKA","convex_hull",0,0,922
"137206","Chelonia mydas","ALASKA","minbounding_circle",0.342345995109486,787,922
"137206","Chelonia mydas","ALASKA","buffer100m",0,0,922
"137206","Chelonia mydas","GULF","native_ecoregions",1,55693,55693
"137206","Chelonia mydas","GULF","fit_ecoregions",1,55693,55693
"137206","Chelonia mydas","GULF","fit_region",1,55693,55693
"137206","Chelonia mydas","GULF","fit_region_max_depth",1,55693,55693
"137206","Chelonia mydas","GULF","convex_hull",1,55693,55693
"137206","Chelonia mydas","GULF","minbounding_circle",0.997973566969142,55557,55693
"137206","Chelonia mydas","GULF","buffer100m",0.787954643660692,47459,55693
"137206","Chelonia mydas","ATL","native_ecoregions",1,36955,36955
"137206","Chelonia mydas","ATL","fit_ecoregions",1,36955,36955
"137206","Chelonia mydas","ATL","fit_region",1,36955,36955
"137206","Chelonia mydas","ATL","fit_region_max_depth",1,36955,36955
"137206","Chelonia mydas","ATL","convex_hull",1,36955,36955
"137206","Chelonia mydas","ATL","minbounding_circle",1,36955,36955
"137206","Chelonia mydas","ATL","buffer100m",0.50001499385252,32629,36955
"137206","Chelonia mydas","GLOBAL","native_ecoregions",0.841927108578585,1328425,1330597
"137206","Chelonia mydas","GLOBAL","fit_ecoregions",0.841927108578585,1328425,1330597
"137206","Chelonia mydas","GLOBAL","fit_region",0.840780677016689,1328346,1330597
"137206","Chelonia mydas","GLOBAL","fit_region_max_depth",0.840714838621248,1328336,1330597
"137206","Chelonia mydas","GLOBAL","convex_hull",0.561937382648478,1302670,1330597
"137206","Chelonia mydas","GLOBAL","minbounding_circle",0.6266800725511,796188,1330597
"137206","Chelonia mydas","GLOBAL","buffer100m",0.0799314437206191,793742,1330597
"137209","Dermochelys coriacea","ALASKA","native_ecoregions",0.621270482468984,409,409
"137209","Dermochelys coriacea","ALASKA","fit_ecoregions",0.621270482468984,409,409
"137209","Dermochelys coriacea","ALASKA","fit_region",0.621270482468984,409,409
"137209","Dermochelys coriacea","ALASKA","fit_region_max_depth",0.621270482468984,409,409
"137209","Dermochelys coriacea","ALASKA","convex_hull",0.0494882980560582,356,409
"137209","Dermochelys coriacea","ALASKA","minbounding_circle",0.426941376401893,402,409
"137209","Dermochelys coriacea","ALASKA","buffer100m",0.00349393941669232,0,409
"137209","Dermochelys coriacea","GULF","native_ecoregions",1,37614,37614
"137209","Dermochelys coriacea","GULF","fit_ecoregions",1,37614,37614
"137209","Dermochelys coriacea","GULF","fit_region",1,37614,37614
"137209","Dermochelys coriacea","GULF","fit_region_max_depth",1,37614,37614
"137209","Dermochelys coriacea","GULF","convex_hull",1,37614,37614
"137209","Dermochelys coriacea","GULF","minbounding_circle",0.433671568846572,4887,37614
"137209","Dermochelys coriacea","GULF","buffer100m",0.606842191527722,32057,37614
"137209","Dermochelys coriacea","ATL","native_ecoregions",1,66210,66210
"137209","Dermochelys coriacea","ATL","fit_ecoregions",1,66210,66210
"137209","Dermochelys coriacea","ATL","fit_region",1,66210,66210
"137209","Dermochelys coriacea","ATL","fit_region_max_depth",1,66210,66210
"137209","Dermochelys coriacea","ATL","convex_hull",1,66210,66210
"137209","Dermochelys coriacea","ATL","minbounding_circle",0.120480602952789,12022,66210
"137209","Dermochelys coriacea","ATL","buffer100m",0.610269789386352,48458,66210
"137209","Dermochelys coriacea","GLOBAL","native_ecoregions",0.848314897313483,3075979,3077773
"137209","Dermochelys coriacea","GLOBAL","fit_ecoregions",0.848314897313483,3075979,3077773
"137209","Dermochelys coriacea","GLOBAL","fit_region",0.848236289549531,3075685,3077773
"137209","Dermochelys coriacea","GLOBAL","fit_region_max_depth",0.848228850513747,3075649,3077773
"137209","Dermochelys coriacea","GLOBAL","convex_hull",0.591859058973688,3046301,3077773
"137209","Dermochelys coriacea","GLOBAL","minbounding_circle",0.536043739187405,1459041,3077773
"137209","Dermochelys coriacea","GLOBAL","buffer100m",0.186062644296061,2036597,3077773
"137207","Eretmochelys imbricata","ALASKA","native_ecoregions",0.621270482468984,24,25
"137207","Eretmochelys imbricata","ALASKA","fit_ecoregions",0.621270482468984,24,25
"137207","Eretmochelys imbricata","ALASKA","fit_region",0.604964597583776,24,25
"137207","Eretmochelys imbricata","ALASKA","fit_region_max_depth",0.604296344128004,24,25
"137207","Eretmochelys imbricata","ALASKA","convex_hull",0,0,25
"137207","Eretmochelys imbricata","ALASKA","minbounding_circle",0.314019056486188,6,25
"137207","Eretmochelys imbricata","ALASKA","buffer100m",0,0,25
"137207","Eretmochelys imbricata","GULF","native_ecoregions",1,35636,35636
"137207","Eretmochelys imbricata","GULF","fit_ecoregions",1,35636,35636
"137207","Eretmochelys imbricata","GULF","fit_region",0.999418890527916,35597,35636
"137207","Eretmochelys imbricata","GULF","fit_region_max_depth",0.99928478834205,35588,35636
"137207","Eretmochelys imbricata","GULF","convex_hull",1,35636,35636
"137207","Eretmochelys imbricata","GULF","minbounding_circle",1,35636,35636
"137207","Eretmochelys imbricata","GULF","buffer100m",0.576773501408073,24875,35636
"137207","Eretmochelys imbricata","ATL","native_ecoregions",1,12226,12226
"137207","Eretmochelys imbricata","ATL","fit_ecoregions",1,12226,12226
"137207","Eretmochelys imbricata","ATL","fit_region",0.985765836007237,12226,12226
"137207","Eretmochelys imbricata","ATL","fit_region_max_depth",0.976589598264711,12226,12226
"137207","Eretmochelys imbricata","ATL","convex_hull",1,12226,12226
"137207","Eretmochelys imbricata","ATL","minbounding_circle",1,12226,12226
"137207","Eretmochelys imbricata","ATL","buffer100m",0.248957927249828,7769,12226
"137207","Eretmochelys imbricata","GLOBAL","native_ecoregions",0.618457946457101,654685,658683
"137207","Eretmochelys imbricata","GLOBAL","fit_ecoregions",0.618457946457101,654685,658683
"137207","Eretmochelys imbricata","GLOBAL","fit_region",0.578634737778382,654037,658683
"137207","Eretmochelys imbricata","GLOBAL","fit_region_max_depth",0.572068705060097,653975,658683
"137207","Eretmochelys imbricata","GLOBAL","convex_hull",0.455604156605176,646744,658683
"137207","Eretmochelys imbricata","GLOBAL","minbounding_circle",0.63204935770955,426896,658683
"137207","Eretmochelys imbricata","GLOBAL","buffer100m",0.0410656448047853,327586,658683
"137208","Lepidochelys kempii","ALASKA","native_ecoregions",0,0,669
"137208","Lepidochelys kempii","ALASKA","fit_ecoregions",0,0,669
"137208","Lepidochelys kempii","ALASKA","fit_region",0,0,669
"137208","Lepidochelys kempii","ALASKA","fit_region_max_depth",0,0,669
"137208","Lepidochelys kempii","ALASKA","convex_hull",0,0,669
"137208","Lepidochelys kempii","ALASKA","minbounding_circle",0,0,669
"137208","Lepidochelys kempii","ALASKA","buffer100m",0,0,669
"137208","Lepidochelys kempii","GULF","native_ecoregions",1,13539,13539
"137208","Lepidochelys kempii","GULF","fit_ecoregions",1,13539,13539
"137208","Lepidochelys kempii","GULF","fit_region",0.999046384456067,13539,13539
"137208","Lepidochelys kempii","GULF","fit_region_max_depth",0.998882481784453,13539,13539
"137208","Lepidochelys kempii","GULF","convex_hull",0.999240087613428,13490,13539
"137208","Lepidochelys kempii","GULF","minbounding_circle",0.999091085184688,13478,13539
"137208","Lepidochelys kempii","GULF","buffer100m",0.389492348725284,12879,13539
"137208","Lepidochelys kempii","ATL","native_ecoregions",1,17825,17825
"137208","Lepidochelys kempii","ATL","fit_ecoregions",1,17825,17825
"137208","Lepidochelys kempii","ATL","fit_region",0.921572155416279,17825,17825
"137208","Lepidochelys kempii","ATL","fit_region_max_depth",0.869243610119851,17825,17825
"137208","Lepidochelys kempii","ATL","convex_hull",0.98843474175588,17595,17825
"137208","Lepidochelys kempii","ATL","minbounding_circle",1,17825,17825
"137208","Lepidochelys kempii","ATL","buffer100m",0.383602722883618,16073,17825
"137208","Lepidochelys kempii","GLOBAL","native_ecoregions",0.163734817704085,75950,177658
"137208","Lepidochelys kempii","GLOBAL","fit_ecoregions",0.163734817704085,75950,177658
"137208","Lepidochelys kempii","GLOBAL","fit_region",0.152658620597753,75950,177658
"137208","Lepidochelys kempii","GLOBAL","fit_region_max_depth",0.150493275433814,75950,177658
"137208","Lepidochelys kempii","GLOBAL","convex_hull",0.0831687715135304,58762,177658
"137208","Lepidochelys kempii","GLOBAL","minbounding_circle",0.135195864833306,63588,177658
"137208","Lepidochelys kempii","GLOBAL","buffer100m",0.00840821913876467,46790,177658
"220293","Lepidochelys olivacea","ALASKA","native_ecoregions",0.621270482468984,2226,2491
"220293","Lepidochelys olivacea","ALASKA","fit_ecoregions",0.621270482468984,2226,2491
"220293","Lepidochelys olivacea","ALASKA","fit_region",0.621270482468984,2226,2491
"220293","Lepidochelys olivacea","ALASKA","fit_region_max_depth",0.621270482468984,2226,2491
"220293","Lepidochelys olivacea","ALASKA","convex_hull",0,0,2491
"220293","Lepidochelys olivacea","ALASKA","minbounding_circle",0.455796410452786,749,2491
"220293","Lepidochelys olivacea","ALASKA","buffer100m",0,0,2491
"220293","Lepidochelys olivacea","GULF","native_ecoregions",1,11752,11752
"220293","Lepidochelys olivacea","GULF","fit_ecoregions",1,11752,11752
"220293","Lepidochelys olivacea","GULF","fit_region",1,11752,11752
"220293","Lepidochelys olivacea","GULF","fit_region_max_depth",1,11752,11752
"220293","Lepidochelys olivacea","GULF","convex_hull",1,11752,11752
"220293","Lepidochelys olivacea","GULF","minbounding_circle",0.00511078330576788,176,11752
"220293","Lepidochelys olivacea","GULF","buffer100m",0.0190723108786673,629,11752
"220293","Lepidochelys olivacea","ATL","native_ecoregions",1,4140,4140
"220293","Lepidochelys olivacea","ATL","fit_ecoregions",1,4140,4140
"220293","Lepidochelys olivacea","ATL","fit_region",1,4140,4140
"220293","Lepidochelys olivacea","ATL","fit_region_max_depth",1,4140,4140
"220293","Lepidochelys olivacea","ATL","convex_hull",1,4140,4140
"220293","Lepidochelys olivacea","ATL","minbounding_circle",0.68509910936516,1212,4140
"220293","Lepidochelys olivacea","ATL","buffer100m",0.00969602462990174,452,4140
"220293","Lepidochelys olivacea","GLOBAL","native_ecoregions",0.604608394805444,1120720,1126795
"220293","Lepidochelys olivacea","GLOBAL","fit_ecoregions",0.604608394805444,1120720,1126795
"220293","Lepidochelys olivacea","GLOBAL","fit_region",0.604470099029967,1120689,1126795
"220293","Lepidochelys olivacea","GLOBAL","fit_region_max_depth",0.604460024115362,1120688,1126795
"220293","Lepidochelys olivacea","GLOBAL","convex_hull",0.561418290245989,1120580,1126795
"220293","Lepidochelys olivacea","GLOBAL","minbounding_circle",0.646187801679992,572659,1126795
"220293","Lepidochelys olivacea","GLOBAL","buffer100m",0.0534313724054532,594568,1126795
"159023","Eubalaena glacialis","ALASKA","native_ecoregions",0,0,1043
"159023","Eubalaena glacialis","ALASKA","fit_ecoregions",0,0,1043
"159023","Eubalaena glacialis","ALASKA","fit_region",0,0,1043
"159023","Eubalaena glacialis","ALASKA","fit_region_max_depth",0,0,1043
"159023","Eubalaena glacialis","ALASKA","convex_hull",0,0,1043
"159023","Eubalaena glacialis","ALASKA","minbounding_circle",0,0,1043
"159023","Eubalaena glacialis","ALASKA","buffer100m",0,0,1043
"159023","Eubalaena glacialis","GULF","native_ecoregions",1,487,487
"159023","Eubalaena glacialis","GULF","fit_ecoregions",1,487,487
"159023","Eubalaena glacialis","GULF","fit_region",0.863424373817293,487,487
"159023","Eubalaena glacialis","GULF","fit_region_max_depth",0.851519079761,487,487
"159023","Eubalaena glacialis","GULF","convex_hull",0.2658352331143,253,487
"159023","Eubalaena glacialis","GULF","minbounding_circle",0.668246092411306,327,487
"159023","Eubalaena glacialis","GULF","buffer100m",0.0617019057410636,195,487
"159023","Eubalaena glacialis","ATL","native_ecoregions",1,14166,14166
"159023","Eubalaena glacialis","ATL","fit_ecoregions",1,14166,14166
"159023","Eubalaena glacialis","ATL","fit_region",0.410551673813736,14166,14166
"159023","Eubalaena glacialis","ATL","fit_region_max_depth",0.407233034455873,14166,14166
"159023","Eubalaena glacialis","ATL","convex_hull",0.88271808558491,14133,14166
"159023","Eubalaena glacialis","ATL","minbounding_circle",1,14166,14166
"159023","Eubalaena glacialis","ATL","buffer100m",0.27764616507232,14159,14166
"159023","Eubalaena glacialis","GLOBAL","native_ecoregions",0.205068092071833,45837,94453
"159023","Eubalaena glacialis","GLOBAL","fit_ecoregions",0.205068092071833,45837,94453
"159023","Eubalaena glacialis","GLOBAL","fit_region",0.105783967472084,45837,94453
"159023","Eubalaena glacialis","GLOBAL","fit_region_max_depth",0.1037783565647,45837,94453
"159023","Eubalaena glacialis","GLOBAL","convex_hull",0.0706280801342307,39832,94453
"159023","Eubalaena glacialis","GLOBAL","minbounding_circle",0.131871728764555,43147,94453
"159023","Eubalaena glacialis","GLOBAL","buffer100m",0.00489734569931476,35046,94453
