"id","species","model","p10","mtp","max_kappa","max_spec_sens","no_omission","equal_prevalence","equal_sens_spec"
"137205","Caretta caretta","maxent",0.41,0.28,0.83257,0.48012,0.2799,0.0299,0.5199
"137205","Caretta caretta","rf",0.75,0.61,0.83473,0.69919,0.6099,0.0099,0.71781
"137205","Caretta caretta","xgboost",0.47,0.13,0.7837,0.50865,0.1299,0.0099,0.5897
"137205","Caretta caretta","ensemble",0.53,0.28,0.84253,0.5099,0.2799,0.0099,0.58928
"137206","Chelonia mydas","maxent",0.13,0.02,0.7399,0.2999,0.0199,0.0399,0.1999
"137206","Chelonia mydas","rf",0.8,0.58,0.8999,0.6299,0.5799,0.0399,0.7399
"137206","Chelonia mydas","xgboost",0.53,0.01,0.8599,0.4499,0.0099,0.0399,0.5499
"137206","Chelonia mydas","ensemble",0.53,0.05,0.87382,0.4399,0.0499,0.0399,0.5199
"137209","Dermochelys coriacea","maxent",0.49,0.15,0.7499,0.5099,0.1499,0.0499,0.57838
"137209","Dermochelys coriacea","rf",0.77,0.6,0.7899,0.7199,0.5999,0.0499,0.7299
"137209","Dermochelys coriacea","xgboost",0.49,0.04,0.7599,0.5199,0.0399,0.0499,0.5799
"137209","Dermochelys coriacea","ensemble",0.57,0.27,0.7099,0.5499,0.2699,0.0499,0.5999
"137207","Eretmochelys imbricata","maxent",0.12,0.03,0.80425,0.28595,0.0299,0.0199,0.19758
"137207","Eretmochelys imbricata","rf",0.77,0.6,0.93882,0.61119,0.5999,0.0199,0.6999
"137207","Eretmochelys imbricata","xgboost",0.53,0.04,0.92041,0.4202,0.0399,0.0199,0.47342
"137207","Eretmochelys imbricata","ensemble",0.54,0.05,0.9299,0.38343,0.0499,0.0199,0.45052
"137208","Lepidochelys kempii","maxent",0.19,0,0.65444,0.10377,-1e-04,0.0399,0.15694
"137208","Lepidochelys kempii","rf",0.88,0.58,0.94534,0.5999,0.5799,0.0399,0.69451
"137208","Lepidochelys kempii","xgboost",0.27,0,0.30402,0.09735,-1e-04,0.0399,0.08628
"137208","Lepidochelys kempii","ensemble",0.31,0,0.57888,0.1627,-1e-04,0.0399,0.19126
"220293","Lepidochelys olivacea","maxent",0.25,0.01,0.8084,0.3499,0.0099,0.0199,0.3699
"220293","Lepidochelys olivacea","rf",0.77,0.58,0.9099,0.6299,0.5799,0.0199,0.7199
"220293","Lepidochelys olivacea","xgboost",0.54,0.07,0.8799,0.49085,0.0699,0.0199,0.57805
"220293","Lepidochelys olivacea","ensemble",0.55,0.13,0.8721,0.4699,0.1299,0.0199,0.5599
"159023","Eubalaena glacialis","maxent",0.41,0,0.7599,0.3399,-1e-04,0.0199,0.3899
"159023","Eubalaena glacialis","rf",0.82,0.6,0.9699,0.5999,0.5999,0.0199,0.7199
"159023","Eubalaena glacialis","xgboost",0.86,0.41,0.8599,0.5499,0.4099,0.0199,0.6899
"159023","Eubalaena glacialis","ensemble",0.82,0.41,0.9399,0.54804,0.4099,0.0199,0.6599
