sp_code,sp_common,nc_scientific,gbif_id,is_guild,match_by,sisid,botw_scientific,botw_common,ms_merge_key,note
ARTE,Arctic Tern,Sterna paradisaea,GBIF:5229230,FALSE,common name,22694629,Sterna paradisaea,Arctic Tern,ms_merge|BOTW:22694629,
ATPU,Atlantic Puffin,Fratercula arctica,GBIF:2481353,FALSE,common name,22694927,Fratercula arctica,Atlantic Puffin,ms_merge|BOTW:22694927,
AUSH,Audubon's Shearwater,Puffinus lherminieri,GBIF:5229361,FALSE,common name,45959182,Puffinus lherminieri,Audubon's Shearwater,ms_merge|BOTW:45959182,
BCPE,Black-capped Petrel,Pterodroma hasitata,GBIF:2481477,FALSE,common name,22698092,Pterodroma hasitata,Black-capped Petrel,ms_merge|BOTW:22698092,
BLGU,Black Guillemot,Cepphus grylle,GBIF:2481312,FALSE,common name,22694861,Cepphus grylle,Black Guillemot,ms_merge|BOTW:22694861,
BLKI,Black-legged Kittiwake,Rissa tridactyla,GBIF:2481205,FALSE,common name,22694497,Rissa tridactyla,Black-legged Kittiwake,ms_merge|BOTW:22694497,
BLSC,Black Scoter,Melanitta americana,GBIF:6178415,FALSE,common name,22732425,Melanitta americana,Black Scoter,ms_merge|BOTW:22732425,
BOGU,Bonaparte's Gull,Chroicocephalus philadelphia,GBIF:6065818,FALSE,common name,22694432,Larus philadelphia,Bonaparte's Gull,ms_merge|BOTW:22694432,
BRPE,Brown Pelican,Pelecanus occidentalis,GBIF:5229158,FALSE,common name,22733989,Pelecanus occidentalis,Brown Pelican,ms_merge|BOTW:22733989,
BRSP,Band-rumped Storm- Petrel,Oceanodroma castro,GBIF:2482001,FALSE,common name,132341128,Hydrobates castro,Band-rumped Storm-petrel,ms_merge|BOTW:132341128,
BRTE,Bridled Tern,Sterna anaethetus,GBIF:5789286,FALSE,common name,22694730,Onychoprion anaethetus,Bridled Tern,ms_merge|BOTW:22694730,
COEI,Common Eider,Somateria mollissima,GBIF:2498352,FALSE,common name,22680405,Somateria mollissima,Common Eider,ms_merge|BOTW:22680405,
COLO,Common Loon,Gavia immer,GBIF:2481962,FALSE,common name,22697842,Gavia immer,Common Loon,ms_merge|BOTW:22697842,
COMU,Common Murre,Uria aalge,GBIF:2481342,FALSE,common name,22694841,Uria aalge,Common Murre,ms_merge|BOTW:22694841,
COSH,Cory's Shearwater,Calonectris diomedea,GBIF:2481521,FALSE,common name,22732244,Calonectris borealis,Cory's Shearwater,ms_merge|BOTW:22732244,
COTE,Common Tern,Sterna hirundo,GBIF:9367409,FALSE,common name,22694623,Sterna hirundo,Common Tern,ms_merge|BOTW:22694623,
DCCO,Double-crested Cormorant,Phalacrocorax auritus,GBIF:2481875,FALSE,common name,22696776,Nannopterum auritum,Double-crested Cormorant,ms_merge|BOTW:22696776,
DOVE,Dovekie,Alle alle,GBIF:2481299,FALSE,scientific name,22694837,Alle alle,Little Auk,ms_merge|BOTW:22694837,
GBBG,Great Black-backed Gull,Larus marinus,GBIF:2481172,FALSE,common name,22694324,Larus marinus,Great Black-backed Gull,ms_merge|BOTW:22694324,
GRSH,Great Shearwater,Puffinus gravis,GBIF:5229343,FALSE,common name,22698201,Ardenna gravis,Great Shearwater,ms_merge|BOTW:22698201,
GRSK,Great Skua,Stercorarius skua,GBIF:2481618,FALSE,common name,22694160,Catharacta skua,Great Skua,ms_merge|BOTW:22694160,
HERG,Herring Gull,Larus argentatus,GBIF:2481139,FALSE,override,62030590,Larus smithsonianus,Arctic Herring Gull,ms_merge|BOTW:62030590,American herring gull = BirdLife Larus smithsonianus (the GBIF name L. argentatus is the European species)
HOGR,Horned Grebe,Podiceps auritus,GBIF:2482059,FALSE,common name,22696606,Podiceps auritus,Horned Grebe,ms_merge|BOTW:22696606,
LAGU,Laughing Gull,Leucophaeus atricilla,GBIF:6065844,FALSE,common name,22694455,Larus atricilla,Laughing Gull,ms_merge|BOTW:22694455,
LESP,Leach's Storm-Petrel,Oceanodroma leucorhoa,GBIF:2482012,FALSE,common name,132438298,Hydrobates leucorhous,Leach's Storm-petrel,ms_merge|BOTW:132438298,
LETE,Least Tern,Sterna antillarum,GBIF:5789285,FALSE,common name,22694673,Sternula antillarum,Least Tern,ms_merge|BOTW:22694673,
LTDU,Long-tailed Duck,Clangula hyemalis,GBIF:2498273,FALSE,common name,22680427,Clangula hyemalis,Long-tailed Duck,ms_merge|BOTW:22680427,
MASH,Manx Shearwater,Puffinus puffinus,GBIF:5229380,FALSE,common name,22698226,Puffinus puffinus,Manx Shearwater,ms_merge|BOTW:22698226,
NOFU,Northern Fulmar,Fulmarus glacialis,GBIF:2481433,FALSE,common name,22697866,Fulmarus glacialis,Northern Fulmar,ms_merge|BOTW:22697866,
NOGA,Northern Gannet,Morus bassanus,GBIF:2480964,FALSE,common name,22696657,Morus bassanus,Northern Gannet,ms_merge|BOTW:22696657,
PAJA,Parasitic Jaeger,Stercorarius parasiticus,GBIF:2481621,FALSE,scientific name,22694245,Stercorarius parasiticus,Arctic Jaeger,ms_merge|BOTW:22694245,
POJA,Pomarine Jaeger,Stercorarius pomarinus,GBIF:2481609,FALSE,common name,22694240,Stercorarius pomarinus,Pomarine Jaeger,ms_merge|BOTW:22694240,
RAZO,Razorbill,Alca torda,GBIF:8277073,FALSE,common name,22694852,Alca torda,Razorbill,ms_merge|BOTW:22694852,
RBGU,Ring-billed Gull,Larus delawarensis,GBIF:2481134,FALSE,common name,22694317,Larus delawarensis,Ring-billed Gull,ms_merge|BOTW:22694317,
RBME,Red-breasted Merganser,Mergus serrator,GBIF:2498375,FALSE,common name,22680485,Mergus serrator,Red-breasted Merganser,ms_merge|BOTW:22680485,
REPH,Red Phalarope,Phalaropus fulicarius,GBIF:5229390,FALSE,common name,22693494,Phalaropus fulicarius,Red Phalarope,ms_merge|BOTW:22693494,
RNPH,Red-necked Phalarope,Phalaropus lobatus,GBIF:5739290,FALSE,common name,22693490,Phalaropus lobatus,Red-necked Phalarope,ms_merge|BOTW:22693490,
ROST,Roseate Tern,Sterna dougallii,GBIF:5229249,FALSE,common name,22694601,Sterna dougallii,Roseate Tern,ms_merge|BOTW:22694601,
ROYT,Royal Tern,Sterna maxima,GBIF:5789281,FALSE,common name,22694542,Thalasseus maximus,Royal Tern,ms_merge|BOTW:22694542,
RTLO,Red-throated Loon,Gavia stellata,GBIF:2481958,FALSE,common name,22697829,Gavia stellata,Red-throated Loon,ms_merge|BOTW:22697829,
SOSH,Sooty Shearwater,Puffinus griseus,GBIF:5739277,FALSE,common name,22698209,Ardenna grisea,Sooty Shearwater,ms_merge|BOTW:22698209,
SOTE,Sooty Tern,Sterna fuscata,GBIF:5789284,FALSE,common name,22694740,Onychoprion fuscatus,Sooty Tern,ms_merge|BOTW:22694740,
SPSK,South Polar Skua,Stercorarius maccormicki,GBIF:2481616,FALSE,common name,22694218,Catharacta maccormicki,South Polar Skua,ms_merge|BOTW:22694218,
SUSC,Surf Scoter,Melanitta perspicillata,GBIF:2498246,FALSE,common name,22680441,Melanitta perspicillata,Surf Scoter,ms_merge|BOTW:22680441,
TBMU,Thick-billed Murre,Uria lomvia,GBIF:2481339,FALSE,common name,22694847,Uria lomvia,Thick-billed Murre,ms_merge|BOTW:22694847,
WISP,Wilson's Storm-Petrel,Oceanites oceanicus,GBIF:5229419,FALSE,common name,22698436,Oceanites oceanicus,Wilson's Storm-petrel,ms_merge|BOTW:22698436,
WWSC,White-winged Scoter,Melanitta fusca,GBIF:2498238,FALSE,common name,22734194,Melanitta deglandi,White-winged Scoter,ms_merge|BOTW:22734194,
ANMU,Ancient Murrelet,Synthliboramphus antiquus,GBIF:2481350,FALSE,common name,22694896,Synthliboramphus antiquus,Ancient Murrelet,ms_merge|BOTW:22694896,
ASSP,Ashy Storm-Petrel,Hydrobates homochroa,GBIF:10750616,FALSE,common name,22698562,Hydrobates homochroa,Ashy Storm-petrel,ms_merge|BOTW:22698562,
BFAL,Black-footed Albatross,Phoebastria nigripes,GBIF:2481383,FALSE,common name,22698350,Phoebastria nigripes,Black-footed Albatross,ms_merge|BOTW:22698350,
BLSP,Black Storm-Petrel,Hydrobates melania,GBIF:11068810,FALSE,common name,22698557,Hydrobates melania,Black Storm-petrel,ms_merge|BOTW:22698557,
BRAC,Brandt’s Cormorant,Phalacrocorax penicillatus,GBIF:2481892,FALSE,common name,22696753,Urile penicillatus,Brandt's Cormorant,ms_merge|BOTW:22696753,
BULS,Buller’s Shearwater,Ardenna bulleri,GBIF:5229379,FALSE,common name,22698182,Ardenna bulleri,Buller's Shearwater,ms_merge|BOTW:22698182,
BVSH,Black-vented Shearwater,Puffinus opisthomelas,GBIF:5229356,FALSE,common name,22698246,Puffinus opisthomelas,Black-vented Shearwater,ms_merge|BOTW:22698246,
CAAU,Cassin’s Auklet,Ptychoramphus aleuticus,GBIF:2481302,FALSE,common name,22694903,Ptychoramphus aleuticus,Cassin's Auklet,ms_merge|BOTW:22694903,
CAGU,California Gull,Larus californicus,GBIF:2481146,FALSE,common name,22694321,Larus californicus,California Gull,ms_merge|BOTW:22694321,
CATE,Caspian Tern,Hydroprogne caspia,GBIF:2481236,FALSE,common name,22694524,Hydroprogne caspia,Caspian Tern,ms_merge|BOTW:22694524,
COPE,Cook’s Petrel,Pterodroma cookii,GBIF:2481491,FALSE,common name,22697975,Pterodroma cookii,Cook's Petrel,ms_merge|BOTW:22697975,
CORM,Cormorant spp.,Phalacrocorax,GBIF:2481854,TRUE,,,,,,
COTE-ARTE,Common/Arctic Tern,Sterna hirundo,GBIF:9367409,TRUE,,22694623,Sterna hirundo,Common Tern,,
FTSP,Fork-tailed Storm-Petrel,Hydrobates furcatus,GBIF:2482009,FALSE,common name,22698572,Hydrobates furcatus,Fork-tailed Storm-petrel,ms_merge|BOTW:22698572,
HEEG,Heermann’s Gull,Larus heermanni,GBIF:2481130,FALSE,common name,22694296,Larus heermanni,Heermann's Gull,ms_merge|BOTW:22694296,
HERG-ICGU,Herring/Iceland Gull,Larus argentatus,GBIF:2481139,TRUE,,62030608,Larus argentatus,European Herring Gull,,
JAEG,Jaeger spp.,Stercorarius longicaudus,GBIF:2481613,TRUE,,22694251,Stercorarius longicaudus,Long-tailed Jaeger,,
LAAL,Laysan Albatross,Phoebastria immutabilis,GBIF:2481381,FALSE,common name,22698365,Phoebastria immutabilis,Laysan Albatross,ms_merge|BOTW:22698365,
LOON,Loon spp.,Gavia,GBIF:2481954,TRUE,,,,,,
MAMU,Marbled Murrelet,Brachyramphus marmoratus,GBIF:5229281,FALSE,common name,22694870,Brachyramphus marmoratus,Marbled Murrelet,ms_merge|BOTW:22694870,
MUPE,Murphy’s Petrel,Pterodroma ultima,GBIF:2481466,FALSE,common name,22698039,Pterodroma ultima,Murphy's Petrel,ms_merge|BOTW:22698039,
PAJA-LTJA,Parasitic/Long-tailed Jaeger,Stercorarius longicaudus,GBIF:2481613,TRUE,,22694251,Stercorarius longicaudus,Long-tailed Jaeger,,
PECO,Pelagic Cormorant,Phalacrocorax pelagicus,GBIF:2481870,FALSE,common name,22728950,Urile pelagicus,Pelagic Cormorant,ms_merge|BOTW:22728950,
PFSH,Pink-footed Shearwater,Ardenna creatopus,GBIF:5229358,FALSE,common name,22698195,Ardenna creatopus,Pink-footed Shearwater,ms_merge|BOTW:22698195,
PHAL,Phalarope spp.,Phalaropus,GBIF:9549339,TRUE,,,,,,
PIGU,Pigeon Guillemot,Cepphus columba,GBIF:9315520,FALSE,common name,22694864,Cepphus columba,Pigeon Guillemot,ms_merge|BOTW:22694864,
RHAU,Rhinoceros Auklet,Cerorhinca monocerata,GBIF:2481324,FALSE,common name,22694924,Cerorhinca monocerata,Rhinoceros Auklet,ms_merge|BOTW:22694924,
ROYT-ELTE,Royal/Elegant Tern,Thalasseus elegans,GBIF:2481285,TRUE,,22694552,Thalasseus elegans,Elegant Tern,,
SAGU,Sabine’s Gull,Xema sabini,GBIF:2481221,FALSE,common name,22694479,Xema sabini,Sabine's Gull,ms_merge|BOTW:22694479,
SCMU-GUMU-CRMU,Scripps’s/Guadalupe/Craveri’s Murrelet,Synthliboramphus craveri,GBIF:2481348,TRUE,,22694887,Synthliboramphus craveri,Craveri's Murrelet,,
SCOT,Scoter spp.,Melanitta,GBIF:2498237,TRUE,,,,,,
STTS-SOSH-FFSH,Short-tailed/Sooty/Flesh-footed Shearwater,Ardenna carneipes,GBIF:5229378,TRUE,,22698188,Ardenna carneipes,Flesh-footed Shearwater,,
TUPU,Tufted Puffin,Fratercula cirrhata,GBIF:2481357,FALSE,common name,22694934,Fratercula cirrhata,Tufted Puffin,ms_merge|BOTW:22694934,
WEGR-CLGR,Western/Clark’s Grebe,Aechmophorus clarkii,GBIF:2482032,TRUE,,22696634,Aechmophorus clarkii,Clark's Grebe,,
WEGU-WGWH-GWGU,Western/Glaucous-winged Gull,Larus glaucescens,GBIF:2481196,TRUE,,22694334,Larus glaucescens,Glaucous-winged Gull,,
