item_id,type,title,proposed,species_token,dps,date
cae5da6551204429b7950581242c42d2,Feature Service,Atlantic Sturgeon Critical Habitat River Lengths 20171115,False,,,
979975b6d2b947eeb5730dbc64fa2a9a,Feature Service,Bearded Seal Distribution,False,,,
b120ac566003479bb597d368b58c3ead,Feature Service,CoelacanthAfricanTanzanianDPS,False,,,
b0421f7c43014cbd98067e3c7d04f939,Feature Service,GARFO S7 Consultation Areas v2 20191101,False,,,
f66c1e33f91d480db7d1b1c1336223c3,File Geodatabase,NMFS ESA Critical Habitat gdb,False,,,
c898337a1072461aacbdd9ac1e67c840,Feature Service,NMFS ESA Critical Habitat gdb,False,,,
b015b90012064072bf6574165aa8325e,Feature Service,Oregon NMFS Protected Species Combined Data Layer,False,,,
205008ff0bc64baf99ccc2b36c3ec9b9,Feature Service,Protected Resources Division Combined Layer - Gulf of America (formerly Gulf of Mexico) Wind Energy Area Siting,False,,,
d308310e755942b589356e4b5978acc5,Feature Service,S7CA_v2_WebApp_Data_Package_20191030,False,,,
d2b23c3503da48e5a231b0d7aafc333a,Feature Service,Bocaccio_PugetSoundGeorgiaBasinDPS,False,Bocaccio,PugetSoundGeorgiaBasinDPS,
70f3e5f4d4dc4c319d76b5c1037979b1,Shapefile,Bocaccio_PugetSoundGeorgiaBasinDPS_20141113,False,Bocaccio,PugetSoundGeorgiaBasinDPS,20141113
07c31a08bb424cf898104a0b9b35dc97,Feature Service,Bocaccio_PugetSoundGeorgiaBasinDPS_20141113,False,Bocaccio,PugetSoundGeorgiaBasinDPS,20141113
324743a945a945a0976f5dda8efe9fe9,Feature Service,Bocaccio_PugetSoundGeorgiaBasinDPS_20250519,False,Bocaccio,PugetSoundGeorgiaBasinDPS,20250519
2cc86d3756c344a189f7a9697e1ed211,Feature Service,CoelacanthAfricanTanzanianDPS_20250528,False,CoelacanthAfricanTanzanianDPS,20250528,
967f235623784f1593d569e472d87d32,Feature Service,Eulachon_SouthernDPS,False,Eulachon,SouthernDPS,
5a8f40abf9a048e2b3facf60d04d2db1,Shapefile,Eulachon_SouthernDPS_20111020,False,Eulachon,SouthernDPS,20111020
7da9e8bdbe824e3989bd58204b33b53a,Feature Service,Eulachon_SouthernDPS_20111020,False,Eulachon,SouthernDPS,20111020
e01dd59375e14a2ab31f38c33dc64b8a,Feature Service,Eulachon_SouthernDPS_20250522,False,Eulachon,SouthernDPS,20250522
d07c895089104836b50d0be15ee8acf7,File Geodatabase,NMFS_ESA_Critical_Habitat_20221017_gdb,False,NMFS,ESA_Critical_Habitat_20221017_gdb,
8a6e24b58c034287b3c29a4d57996ecc,Feature Service,RockfishYelloweye_PugetSoundGeorgiaBasinDPS,False,RockfishYelloweye,PugetSoundGeorgiaBasinDPS,
461407d1243c4c498b2db4d4050dc106,Shapefile,RockfishYelloweye_PugetSoundGeorgiaBasinDPS_20141113,False,RockfishYelloweye,PugetSoundGeorgiaBasinDPS,20141113
2f1090b54c8d4c119fc9a42408af96aa,Feature Service,RockfishYelloweye_PugetSoundGeorgiaBasinDPS_20141113,False,RockfishYelloweye,PugetSoundGeorgiaBasinDPS,20141113
420269f14400481080fc3ca85edc737e,Feature Service,RockfishYelloweye_PugetSoundGeorgiaBasinDPS_20250529,False,RockfishYelloweye,PugetSoundGeorgiaBasinDPS,20250529
b5816d7bda334b7d9d3a11827c91095f,Feature Service,SalmonAtlantic_GulfofMaineDPS,False,SalmonAtlantic,GulfofMaineDPS,
99dbf432e98d44898034cfdea578f1b4,Shapefile,SalmonAtlantic_GulfofMaineDPS_20090619,False,SalmonAtlantic,GulfofMaineDPS,20090619
d57ac1930ae1429ba251b51dfc00e87f,Feature Service,SalmonAtlantic_GulfofMaineDPS_20090619,False,SalmonAtlantic,GulfofMaineDPS,20090619
e8f0473f45e14e5e89a007fca0839a36,Feature Service,SalmonAtlantic_GulfofMaineDPS_20250617,False,SalmonAtlantic,GulfofMaineDPS,20250617
9830c8ba73a44bbda4a6545f50384536,Feature Service,SawfishSmalltooth_AllDPS_20250528,False,SawfishSmalltooth,AllDPS,20250528
47a546fd8b2843d99b4c638e650f093e,Feature Service,SawfishSmalltooth_NonUSDPS,False,SawfishSmalltooth,NonUSDPS,
95576a6abd5942318f7b6a939b115c47,Feature Service,SawfishSmalltooth_USDPS,False,SawfishSmalltooth,USDPS,
c10edf9e12384f7982c57ded4e9fbf69,Feature Service,SeaLionSteller_WesternDPS,False,SeaLionSteller,WesternDPS,
4d7df145c4e543d084a51d69f0a00942,Shapefile,SeaLionSteller_WesternDPS_19940615,False,SeaLionSteller,WesternDPS,19940615
7f0ce242c56140788f7981a283610a8c,Feature Service,SeaLionSteller_WesternDPS_19940615,False,SeaLionSteller,WesternDPS,19940615
d5ce22cbdd0d4fa0b5006140796ce042,Feature Service,Proposed_SeaTurtleGreen_CentralNorthPacificDPS_20230719,True,SeaTurtleGreen,CentralNorthPacificDPS,20230719
7deccd967f9c4c649a4dee3cd2ea7491,Shapefile,Proposed_SeaTurtleGreen_CentralNorthPacificDPS_shapefile,True,SeaTurtleGreen,CentralNorthPacificDPS,
072f8c4c825d4ac1ad768c89ad25bcd6,Feature Service,Proposed_SeaTurtleGreen_CentralSouthPacificDPS_20230719,True,SeaTurtleGreen,CentralSouthPacificDPS,20230719
7ac9b6871fd44ecda94ee19e1f85256d,Shapefile,Proposed_SeaTurtleGreen_CentralSouthPacificDPS_shapefile,True,SeaTurtleGreen,CentralSouthPacificDPS,
4ad733798afe4dd382499bb616f78e1b,Feature Service,Proposed_SeaTurtleGreen_CentralWestPacificDPS_20230719,True,SeaTurtleGreen,CentralWestPacificDPS,20230719
7f42c2d107da40129a1371e646a4f2ed,Shapefile,Proposed_SeaTurtleGreen_CentralWestPacificDPS_shapefile,True,SeaTurtleGreen,CentralWestPacificDPS,
7c8403021c9641069472524318ac8ea3,Feature Service,Proposed_SeaTurtleGreen_EastPacificDPS_20230719,True,SeaTurtleGreen,EastPacificDPS,20230719
4f24d403fb724f739901b71fc4d6007c,Shapefile,Proposed_SeaTurtleGreen_EastPacificDPS_shapefile,True,SeaTurtleGreen,EastPacificDPS,
475809f0b637409b8027502fd05dbeb6,Feature Service,Proposed_SeaTurtleGreen_NorthAtlanticDPS_20230719,True,SeaTurtleGreen,NorthAtlanticDPS,20230719
cfded69325264e2ea9d04e6f0f3c175f,Shapefile,Proposed_SeaTurtleGreen_NorthAtlanticDPS_20230719_Shapefiles,True,SeaTurtleGreen,NorthAtlanticDPS_20230719_Shapefiles,
8fb7024944b0465ebb0cf8e470315158,Feature Service,Proposed_SeaTurtleGreen_SouthAtlanticDPS_20230719,True,SeaTurtleGreen,SouthAtlanticDPS,20230719
0aac27d5bf1a4d138d63689370e1c9d0,Shapefile,Proposed_SeaTurtleGreen_SouthAtlanticDPS_shapefile,True,SeaTurtleGreen,SouthAtlanticDPS,
e067571e609a43be907d0d5051c46c16,Feature Service,SeaTurtleGreen_AllDPS_20250609,False,SeaTurtleGreen,AllDPS,20250609
22179bb6a2294605a0fcc0bfa98f3af5,Feature Service,SeaTurtleGreen_CentralNorthPacificDPS,False,SeaTurtleGreen,CentralNorthPacificDPS,
36165c2fe1aa42b98fc1052487ba7aa0,Feature Service,SeaTurtleGreen_CentralSouthPacificDPS,False,SeaTurtleGreen,CentralSouthPacificDPS,
82351e6cdeeb41d2947c26d39d797692,Feature Service,SeaTurtleGreen_CentralWestPacificDPS,False,SeaTurtleGreen,CentralWestPacificDPS,
928d25843d9948e48ea69262caa85123,Feature Service,SeaTurtleGreen_EastIndianWestPacificDPS,False,SeaTurtleGreen,EastIndianWestPacificDPS,
4d0888a293d14d28ac951588cf83e5f3,Feature Service,SeaTurtleGreen_EastPacificDPS,False,SeaTurtleGreen,EastPacificDPS,
2e306d8b37db41ef880c44ed48b15024,Feature Service,SeaTurtleGreen_MediterraneanDPS,False,SeaTurtleGreen,MediterraneanDPS,
a6dcb5331d9b461bb0e71e8d112ec6fa,Feature Service,SeaTurtleGreen_NorthAtlanticDPS,False,SeaTurtleGreen,NorthAtlanticDPS,
f88115b8bdc54dfe8a7fb55444acb6db,Feature Service,SeaTurtleGreen_NorthAtlanticDPS19980902,False,SeaTurtleGreen,NorthAtlanticDPS,19980902
4c1a65f190a649d0ae5ebc25f987b7d0,Shapefile,SeaTurtleGreen_NorthAtlanticDPS_19980902,False,SeaTurtleGreen,NorthAtlanticDPS,19980902
d337cf024fb64a02aa569274e7e0eea9,Feature Service,SeaTurtleGreen_SouthAtlanticDPS,False,SeaTurtleGreen,SouthAtlanticDPS,
791098604ebb4836b42fe272d5e1cd07,Feature Service,SeaTurtleGreen_SouthwestIndianDPS,False,SeaTurtleGreen,SouthwestIndianDPS,
791098604ebb4836b42fe272d5e1cd07,Feature Service,SeaTurtleGreen_SouthwestIndianDPS,False,SeaTurtleGreen,SouthwestIndianDPS,
adbba14d5cf24f9295ed2a576da7a44f,Feature Service,SeaTurtleGreen_SouthwestPacificDPS,False,SeaTurtleGreen,SouthwestPacificDPS,
b7a431c128c24af18170ae26fe8c548e,Feature Service,SeaTurtleLoggerhead_AllDPS_20250609,False,SeaTurtleLoggerhead,AllDPS,20250609
b7c961b2762548f9b36f388001654a27,Feature Service,SeaTurtleLoggerhead_MediterraneanSeaDPS,False,SeaTurtleLoggerhead,MediterraneanSeaDPS,
65277c61cade4600892f0dfa2521a2a4,Feature Service,SeaTurtleLoggerhead_NorthIndianDPS,False,SeaTurtleLoggerhead,NorthIndianDPS,
9d7dc9481a434f2e9c30d2f8ca6b7655,Feature Service,SeaTurtleLoggerhead_NorthPacificDPS,False,SeaTurtleLoggerhead,NorthPacificDPS,
bc4dae346c9d4c99ba37f10e2bf4114a,Feature Service,SeaTurtleLoggerhead_NortheastAtlanticDPS,False,SeaTurtleLoggerhead,NortheastAtlanticDPS,
176ef88b243c4ae2a69e8e16c280f010,Feature Service,SeaTurtleLoggerhead_NorthwestAtlanticDPS,False,SeaTurtleLoggerhead,NorthwestAtlanticDPS,
0c9d8204aa5044dfa480b92b7cfa3a1a,Feature Service,SeaTurtleLoggerhead_SouthAtlanticDPS,False,SeaTurtleLoggerhead,SouthAtlanticDPS,
8368fbe746dd4ebeb9252f18dea5a8b9,Feature Service,SeaTurtleLoggerhead_SouthPacificDPS,False,SeaTurtleLoggerhead,SouthPacificDPS,
ff246ff99ed44f66af05722e5954ad1a,Feature Service,SeaTurtleLoggerhead_SoutheastIndoPacificDPS,False,SeaTurtleLoggerhead,SoutheastIndoPacificDPS,
4005d3ddbaf24f1e83e2f6b30c0cc6e7,Feature Service,SeaTurtleLoggerhead_SouthwestIndianDPS,False,SeaTurtleLoggerhead,SouthwestIndianDPS,
6af51c33631741ee85d3c914561566e4,Feature Service,SealBearded_AllDPS_20250611,False,SealBearded,AllDPS,20250611
d00fe402d2c640d5a5336d15b0595fde,Feature Service,SealBearded_BeringiaDPS,False,SealBearded,BeringiaDPS,
86267c82925e4eb8a3f02eae05a81eb5,Feature Service,SealBearded_BeringiaDPS_20210108,False,SealBearded,BeringiaDPS,20210108
5df4cbce0431473192b82e3db148c83e,Shapefile,SealBearded_BeringiaDPS_20220401,False,SealBearded,BeringiaDPS,20220401
08b18b37ce524ded86a949cea516a2da,Feature Service,SealBearded_OkhotskDPS,False,SealBearded,OkhotskDPS,
08b18b37ce524ded86a949cea516a2da,Feature Service,SealBearded_OkhotskDPS,False,SealBearded,OkhotskDPS,
413646b924894d1fa9bbbec01a7a29c9,Feature Service,SealSpotted_SouthernDPS,False,SealSpotted,SouthernDPS,
8a1ffe30357c447d997627bb7e3db65a,Feature Service,SealSpotted_SouthernDPS_20250611,False,SealSpotted,SouthernDPS,20250611
6979ba0352894f5c8fb2fcdc47e98363,Feature Service,SharkScallopedHammerhead_AllDPS_20250609,False,SharkScallopedHammerhead,AllDPS,20250609
3906b7c256624b90bcccc9aa5e7cee49,Feature Service,SharkScallopedHammerhead_CentralSWAtlanticDPS,False,SharkScallopedHammerhead,CentralSWAtlanticDPS,
c629f2bcb5fb4313b5758e5854df3b50,Feature Service,SharkScallopedHammerhead_EasternAtlanticDPS,False,SharkScallopedHammerhead,EasternAtlanticDPS,
579b7f6f11c4443e81e1ae0caa7f85dc,Feature Service,SharkScallopedHammerhead_EasternPacificDPS,False,SharkScallopedHammerhead,EasternPacificDPS,
9eb71f44ccaf493fb2434cd9a9c46432,Feature Service,SharkScallopedHammerhead_IndoWestPacificDPS,False,SharkScallopedHammerhead,IndoWestPacificDPS,
ddf484f14ac241ba96505009e20447c1,Feature Service,Steelhead_AllDPS_20250617_A,False,Steelhead,AllDPS_20250617_A,
cc8a1aeafb6a4ba6a5eb595f37c8667c,Feature Service,Steelhead_AllDPS_20250617_B,False,Steelhead,AllDPS_20250617_B,
d7f8caadbc034e8e905a09c11b7f8195,Shapefile,Steelhead_CaliforniaCentralValleyDPS_20050902,False,Steelhead,CaliforniaCentralValleyDPS,20050902
cfa3c6fb84084ddca85c0f80b73c7515,Feature Service,Steelhead_CaliforniaCentralValleyDPS_20050902,False,Steelhead,CaliforniaCentralValleyDPS,20050902
a61203bf01d6454a88165f2a1709d5ce,Feature Service,Steelhead_CentralCaliforniaCoastDPS,False,Steelhead,CentralCaliforniaCoastDPS,
5104f7a406ed4a79bb72593d2dd93a1a,Shapefile,Steelhead_CentralCaliforniaCoastDPS_20050902,False,Steelhead,CentralCaliforniaCoastDPS,20050902
cdf9d039936744aab55137e1b0fe1100,Feature Service,Steelhead_CentralCaliforniaCoastDPS_20050902,False,Steelhead,CentralCaliforniaCoastDPS,20050902
c3486e5420a54489bf30a0f0ca661fab,Feature Service,Steelhead_CentralCaliforniaCoastDPS_20250617,False,Steelhead,CentralCaliforniaCoastDPS,20250617
f721b373cab94644bed3ae1789ba9d70,Feature Service,Steelhead_LowerColumbiaRiverDPS,False,Steelhead,LowerColumbiaRiverDPS,
296d13aacf374c1886adcfd29026b927,Shapefile,Steelhead_LowerColumbiaRiverDPS_20050902,False,Steelhead,LowerColumbiaRiverDPS,20050902
9edd112534e64aeaa2ddfb47787fded8,Feature Service,Steelhead_LowerColumbiaRiverDPS_20050902,False,Steelhead,LowerColumbiaRiverDPS,20050902
55efd588972643cf9775d3055f566ade,Feature Service,Steelhead_LowerColumbiaRiverDPS_20250617,False,Steelhead,LowerColumbiaRiverDPS,20250617
55efd588972643cf9775d3055f566ade,Feature Service,Steelhead_LowerColumbiaRiverDPS_20250617,False,Steelhead,LowerColumbiaRiverDPS,20250617
ed9f3b77cf1a4097b2e50720c016e437,Shapefile,Steelhead_MiddleColumbiaRiverDPS_20050902,False,Steelhead,MiddleColumbiaRiverDPS,20050902
7ebd09a5f9c743eebb2368b83542ffe7,Feature Service,Steelhead_MiddleColumbiaRiverDPS_20050902,False,Steelhead,MiddleColumbiaRiverDPS,20050902
c8b0dd2ae55a443a8846bd421d70d4a6,Feature Service,Steelhead_MiddleColumbiaRiverDPS_20250617,False,Steelhead,MiddleColumbiaRiverDPS,20250617
c8b0dd2ae55a443a8846bd421d70d4a6,Feature Service,Steelhead_MiddleColumbiaRiverDPS_20250617,False,Steelhead,MiddleColumbiaRiverDPS,20250617
8d9a88ad6f934761a6b037ad84e251de,Feature Service,Steelhead_NorthernCaliforniaDPS,False,Steelhead,NorthernCaliforniaDPS,
85fefa1cdb6e4223bf471540a9df6ec4,Shapefile,Steelhead_NorthernCaliforniaDPS_20050902,False,Steelhead,NorthernCaliforniaDPS,20050902
cab3b46b8d4b4c7babb38c8c33699435,Feature Service,Steelhead_NorthernCaliforniaDPS_20050902,False,Steelhead,NorthernCaliforniaDPS,20050902
3ba14d0db20845719cc8cdda4b554b33,Feature Service,Steelhead_NorthernCaliforniaDPS_20250617,False,Steelhead,NorthernCaliforniaDPS,20250617
d290aa854c2d46deb81a21801a1a0c99,Feature Service,Steelhead_PugetSoundDPS,False,Steelhead,PugetSoundDPS,
d149b6ac631b4c86a29861e90d067c18,Shapefile,Steelhead_PugetSoundDPS_20160224,False,Steelhead,PugetSoundDPS,20160224
04156066ff0241feb9e5de13f68eada8,Feature Service,Steelhead_PugetSoundDPS_20160224,False,Steelhead,PugetSoundDPS,20160224
596b488ac89f42a0b89e3d32ba066050,Feature Service,Steelhead_PugetSoundDPS_20250617,False,Steelhead,PugetSoundDPS,20250617
a87b75120c0b49bc88ecf6ca69f48e1c,Feature Service,Steelhead_SnakeRiverBasinDPS,False,Steelhead,SnakeRiverBasinDPS,
a87b75120c0b49bc88ecf6ca69f48e1c,Feature Service,Steelhead_SnakeRiverBasinDPS,False,Steelhead,SnakeRiverBasinDPS,
11a6defb75484951a78a061a5f03bd05,Shapefile,Steelhead_SnakeRiverBasinDPS_20050902,False,Steelhead,SnakeRiverBasinDPS,20050902
39d538c2f42f4c0b96acd5b7a78bcbe6,Feature Service,Steelhead_SnakeRiverBasinDPS_20050902,False,Steelhead,SnakeRiverBasinDPS,20050902
234469767aa04265a71b20aa88641306,Feature Service,Steelhead_SnakeRiverBasinDPS_20250617,False,Steelhead,SnakeRiverBasinDPS,20250617
47cce6b13626447fb3db3e00f90d5661,Feature Service,Steelhead_SouthCentralCaliforniaCoastDPS,False,Steelhead,SouthCentralCaliforniaCoastDPS,
04661b3da4f644f1a2baaf231eb5fa19,Shapefile,Steelhead_SouthCentralCaliforniaCoastDPS_20050902,False,Steelhead,SouthCentralCaliforniaCoastDPS,20050902
1bd10ebab28b4002b32c92963cf18767,Feature Service,Steelhead_SouthCentralCaliforniaCoastDPS_20050902,False,Steelhead,SouthCentralCaliforniaCoastDPS,20050902
bcf3510664ed4aa0910dd6550525ad64,Feature Service,Steelhead_SouthCentralCaliforniaCoastDPS_20250617,False,Steelhead,SouthCentralCaliforniaCoastDPS,20250617
c9554660cbcd4da9bca3b6c4bf03d041,Feature Service,Steelhead_SouthernCaliforniaDPS,False,Steelhead,SouthernCaliforniaDPS,
e6d4632593934297913f99425bcb4196,Shapefile,Steelhead_SouthernCaliforniaDPS_20050902,False,Steelhead,SouthernCaliforniaDPS,20050902
ad624229bfef426588e132d08f9fc740,Feature Service,Steelhead_SouthernCaliforniaDPS_20050902,False,Steelhead,SouthernCaliforniaDPS,20050902
8b0bde212f0c41748aee81adf1b3f34f,Feature Service,Steelhead_SouthernCaliforniaDPS_20250617,False,Steelhead,SouthernCaliforniaDPS,20250617
450ca3396de44f0fa13fbe39d0e1f689,Feature Service,Steelhead_UpperColumbiaRiverDPS,False,Steelhead,UpperColumbiaRiverDPS,
74a8977473c449749e9ad503eff1f6a0,Shapefile,Steelhead_UpperColumbiaRiverDPS_20050902,False,Steelhead,UpperColumbiaRiverDPS,20050902
5f75317ea4c94efca75a0d5884ea8e3e,Feature Service,Steelhead_UpperColumbiaRiverDPS_20050902,False,Steelhead,UpperColumbiaRiverDPS,20050902
dbd751b9c6c04dc79b7f2a2eb0b72021,Feature Service,Steelhead_UpperColumbiaRiverDPS_20250617,False,Steelhead,UpperColumbiaRiverDPS,20250617
dbd751b9c6c04dc79b7f2a2eb0b72021,Feature Service,Steelhead_UpperColumbiaRiverDPS_20250617,False,Steelhead,UpperColumbiaRiverDPS,20250617
0710e4243959411fb29990b9f9f0b57c,Feature Service,Steelhead_UpperWillametteRiverDPS,False,Steelhead,UpperWillametteRiverDPS,
1a12e5263e6a456fb6da880b940bfe98,Shapefile,Steelhead_UpperWillametteRiverDPS_20050902,False,Steelhead,UpperWillametteRiverDPS,20050902
191c88d2046c4e10bfe3a00bc8a86d8d,Feature Service,Steelhead_UpperWillametteRiverDPS_20050902,False,Steelhead,UpperWillametteRiverDPS,20050902
7fd293dc4d6748c2954511e8e9b64824,Feature Service,Steelhead_UpperWillametteRiverDPS_20250617,False,Steelhead,UpperWillametteRiverDPS,20250617
c36419e51b054918b8a5c9c25314e7fc,Shapefile,SturgeonAtlantic_AtlanticSubspeciesDPSs_20170817,False,SturgeonAtlantic,AtlanticSubspeciesDPSs,20170817
6bd70af5ee2c4641b953f85bae8af235,Feature Service,SturgeonAtlantic_AtlanticSubspecies_CarolinaDPS20170817,False,SturgeonAtlantic,AtlanticSubspecies_CarolinaDPS,20170817
44103aaa5ddf4d3fac098cd5936a149b,Shapefile,SturgeonAtlantic_AtlanticSubspecies_CarolinaDPS_20170817,False,SturgeonAtlantic,AtlanticSubspecies_CarolinaDPS,20170817
260617d796b1477ea6b2a95100ccc07b,Feature Service,SturgeonAtlantic_AtlanticSubspecies_ChesapeakeBayDPS_20170817,False,SturgeonAtlantic,AtlanticSubspecies_ChesapeakeBayDPS,20170817
94f7a784ac1141a1b079b6a3dc77bdcb,Shapefile,SturgeonAtlantic_AtlanticSubspecies_ChesapeakeBayDPS_20170817,False,SturgeonAtlantic,AtlanticSubspecies_ChesapeakeBayDPS,20170817
1cd6dd188e104eb5a567c2e163a37276,Shapefile,SturgeonAtlantic_AtlanticSubspecies_GulfofMaineDPS_20170817,False,SturgeonAtlantic,AtlanticSubspecies_GulfofMaineDPS,20170817
c9fcb4a22af8457993cf20b10ebf0dd3,Feature Service,SturgeonAtlantic_AtlanticSubspecies_GulfofMaineDPS_20170817,False,SturgeonAtlantic,AtlanticSubspecies_GulfofMaineDPS,20170817
3207e03c1f1745949c329a0544f5a2b8,Shapefile,SturgeonAtlantic_AtlanticSubspecies_NewYorkBightDPS_20170817,False,SturgeonAtlantic,AtlanticSubspecies_NewYorkBightDPS,20170817
71c67e6db1b24231a7f0c492444d3339,Feature Service,SturgeonAtlantic_AtlanticSubspecies_NewYorkBightDPS_20170817,False,SturgeonAtlantic,AtlanticSubspecies_NewYorkBightDPS,20170817
d61422dd5af64f66b2ba6cd515f8f089,Shapefile,SturgeonAtlantic_AtlanticSubspecies_SouthAtlanticDPS_20170817,False,SturgeonAtlantic,AtlanticSubspecies_SouthAtlanticDPS,20170817
535ce5270fa744e5ae3aeda1f97a4e4a,Feature Service,SturgeonAtlantic_AtlanticSubspecies_SouthAtlanticDPS_20170817,False,SturgeonAtlantic,AtlanticSubspecies_SouthAtlanticDPS,20170817
5a6778ae28644892a2f89186e12a3196,Feature Service,SturgeonAtlantic_CarolinaDPS,False,SturgeonAtlantic,CarolinaDPS,
ac9055c696ae442a979f2e4e80b9bdce,Feature Service,SturgeonAtlantic_CarolinaDPS_20250620,False,SturgeonAtlantic,CarolinaDPS,20250620
5eea6e2037ab41c486ebf4a877ddb9fc,Feature Service,SturgeonAtlantic_ChesapeakeBayDPS,False,SturgeonAtlantic,ChesapeakeBayDPS,
b606dd7b972a4e31b8f09f7f8421885b,Feature Service,SturgeonAtlantic_ChesapeakeBayDPS_20250620,False,SturgeonAtlantic,ChesapeakeBayDPS,20250620
6906da6b990746c3916994e62cf4c16a,Feature Service,SturgeonAtlantic_GulfofMaineDPS,False,SturgeonAtlantic,GulfofMaineDPS,
328f68c489744e5e99565833f627a9f4,Feature Service,SturgeonAtlantic_GulfofMaineDPS_20250620,False,SturgeonAtlantic,GulfofMaineDPS,20250620
cafa0acd34464dd7bb68ee98c3b81f17,Feature Service,SturgeonAtlantic_NewYorkBightDPS,False,SturgeonAtlantic,NewYorkBightDPS,
5fe67b70d1fa437f8b82209b56c279a3,Feature Service,SturgeonAtlantic_NewYorkBightDPS_20250620,False,SturgeonAtlantic,NewYorkBightDPS,20250620
bc8050de340849209758d57eb907b4d7,Feature Service,SturgeonAtlantic_SouthAtlanticDPS,False,SturgeonAtlantic,SouthAtlanticDPS,
e42e2cfdd592453a911d448b829827ba,Feature Service,SturgeonAtlantic_SouthAtlanticDPS_20250620,False,SturgeonAtlantic,SouthAtlanticDPS,20250620
8c60a902ac36461daf07ec32d10902e6,Feature Service,SturgeonGreen_SouthernDPS,False,SturgeonGreen,SouthernDPS,
fd6e5fcbbf4d45d0bb678afacf7fcb67,Shapefile,SturgeonGreen_SouthernDPS_20091009,False,SturgeonGreen,SouthernDPS,20091009
4c0c2a019d0f40ceb742faf186103ce0,Shapefile,SturgeonGreen_SouthernDPS_20091009_line,False,SturgeonGreen,SouthernDPS_20091009_line,
9f93dce84b604ae2990b937f2b9215a2,Feature Service,SturgeonGreen_SouthernDPS_20091009_line,False,SturgeonGreen,SouthernDPS_20091009_line,
ba1d5bbe12fa4cbfa21686ef80290d7a,Shapefile,SturgeonGreen_SouthernDPS_20091009_poly,False,SturgeonGreen,SouthernDPS_20091009_poly,
6867c90772704d3e9d7b78a1cf32cefb,Feature Service,SturgeonGreen_SouthernDPS_20091009_poly,False,SturgeonGreen,SouthernDPS_20091009_poly,
9c70542dd6f841dabc6efd6eabb65ec0,Feature Service,SturgeonGreen_SouthernDPS_20250618,False,SturgeonGreen,SouthernDPS,20250618
7d40afe3940b44ca9fd2dee5bcde802f,Shapefile,WhaleBeluga_CookInletDPS_20110411,False,WhaleBeluga,CookInletDPS,20110411
21a53329b2274fd09b851baba3bb1a19,Feature Service,WhaleBeluga_CookInletDPS_20110411,False,WhaleBeluga,CookInletDPS,20110411
aa749194a44b4ecc9f84b94a4657e012,Feature Service,WhaleBeluga_CookInletDPS_20250624,False,WhaleBeluga,CookInletDPS,20250624
60f38ce72f52418b885b29dd32e87d3f,Feature Service,WhaleFalseKiller_MainHawaiianIslandsInsularDPS,False,WhaleFalseKiller,MainHawaiianIslandsInsularDPS,
2cea5efb7f714a5ca0d500cb20c3ead4,Shapefile,WhaleFalseKiller_MainHawaiianIslandsInsularDPS_20180724,False,WhaleFalseKiller,MainHawaiianIslandsInsularDPS,20180724
44f9f6e5b1ca4ba9bdfae29d6232c788,Feature Service,WhaleFalseKiller_MainHawaiianIslandsInsularDPS_20180724,False,WhaleFalseKiller,MainHawaiianIslandsInsularDPS,20180724
ae047d3189fa4e93ad434da12f2975b0,Feature Service,WhaleFalseKiller_MainHawaiianIslandsInsularDPS_20250624,False,WhaleFalseKiller,MainHawaiianIslandsInsularDPS,20250624
4ebf80604d3642bf9273ac69002c63e6,Feature Service,WhaleGray_WesternNorthPacificDPS,False,WhaleGray,WesternNorthPacificDPS,
9270673df43d4a4d9a1c0161ad5dd364,Feature Service,WhaleGray_WesternNorthPacificDPS_20250627,False,WhaleGray,WesternNorthPacificDPS,20250627
0f59376c15fa4e5cb6b64034afe374e5,Feature Service,WhaleHumpback_AllDPS_20250627,False,WhaleHumpback,AllDPS,20250627
48e88ddf324141b78913e3b9f6c8e456,Feature Service,WhaleHumpback_CapeVerdeNWAfricaDPS,False,WhaleHumpback,CapeVerdeNWAfricaDPS,
4e574aabc8c745998fa3be13aff9bf34,Feature Service,WhaleHumpback_CentralAmericaDPS,False,WhaleHumpback,CentralAmericaDPS,
8aa3318b26c343ba9f55bc5d9db56d87,Shapefile,WhaleHumpback_CentralAmericaDPS_20210421,False,WhaleHumpback,CentralAmericaDPS,20210421
f5ea9906b7be43f495599b90fd44f7c8,Feature Service,WhaleHumpback_CentralAmericaDPS_20210421,False,WhaleHumpback,CentralAmericaDPS,20210421
b576d4fc80f44e898415eeef9a2dcfff,Feature Service,WhaleHumpback_MexicoDPS,False,WhaleHumpback,MexicoDPS,
848595e678164888b77f9d05d505bb63,Shapefile,WhaleHumpback_MexicoDPS_20210421,False,WhaleHumpback,MexicoDPS,20210421
ff8859208fa442098f0ad719b32c21cd,Feature Service,WhaleHumpback_MexicoDPS_20210421,False,WhaleHumpback,MexicoDPS,20210421
68561d3a90af445e9605c981a70fba69,Feature Service,WhaleHumpback_WesternNorthPacificDPS,False,WhaleHumpback,WesternNorthPacificDPS,
65a66709118f4d8ca0289e9363f8cf72,Shapefile,WhaleHumpback_WesternNorthPacificDPS_20210421,False,WhaleHumpback,WesternNorthPacificDPS,20210421
8ed543565e0f4e2eb8d7e8d00b794b3a,Feature Service,WhaleHumpback_WesternNorthPacificDPS_20210421,False,WhaleHumpback,WesternNorthPacificDPS,20210421
9426731f9651463bac4eb9cfba6574bd,Shapefile,WhaleHumpbackDPSs_20210421,False,WhaleHumpbackDPSs,20210421,
bd33b8e652f24cd9a5f53ee0fb721340,Feature Service,WhaleKiller_SouthernResidentDPS,False,WhaleKiller,SouthernResidentDPS,
bd33b8e652f24cd9a5f53ee0fb721340,Feature Service,WhaleKiller_SouthernResidentDPS,False,WhaleKiller,SouthernResidentDPS,
3bb62a4bcf0642a2a5cbf8c3ddcca3c7,Shapefile,WhaleKiller_SouthernResidentDPS_20210802,False,WhaleKiller,SouthernResidentDPS,20210802
fe1e0f42587f437b93e6168929f03593,Feature Service,WhaleKiller_SouthernResidentDPS_20210802,False,WhaleKiller,SouthernResidentDPS,20210802
4fb841441ca442f6a039b475da5b29c3,Feature Service,WhaleKiller_SouthernResidentDPS_20250624,False,WhaleKiller,SouthernResidentDPS,20250624
