taxon_id,scientificName,kingdom,phylum,class,order
145688,Stylonema alsidii,Plantae,Rhodophyta,Stylonematophyceae,Stylonematales
234471,Ulva intestinalis,Plantae,Chlorophyta,Ulvophyceae,Ulvales
144483,Halimeda tuna,Plantae,Chlorophyta,Ulvophyceae,Bryopsidales
372893,Hydrolithon boergesenii,Plantae,Rhodophyta,Florideophyceae,Corallinales
213680,Murrayella periclados,Plantae,Rhodophyta,Florideophyceae,Ceramiales
221177,Avrainvillea nigricans,Plantae,Chlorophyta,Ulvophyceae,Bryopsidales
145248,Grateloupia filicina,Plantae,Rhodophyta,Florideophyceae,Halymeniales
1649462,Kraftalia orientalis,Plantae,Chlorophyta,Ulvophyceae,Bryopsidales
211681,Valonia fastigiata,Plantae,Chlorophyta,Ulvophyceae,Cladophorales
214424,Tydemania expeditionis,Plantae,Chlorophyta,Ulvophyceae,Bryopsidales
371601,Martensia fragilis,Plantae,Rhodophyta,Florideophyceae,Ceramiales
144799,Chondria dasyphylla,Plantae,Rhodophyta,Florideophyceae,Ceramiales
214187,Martensia elegans,Plantae,Rhodophyta,Florideophyceae,Ceramiales
211475,Caulerpa lentillifera,Plantae,Chlorophyta,Ulvophyceae,Bryopsidales
373287,Penicillus lamourouxii,Plantae,Chlorophyta,Ulvophyceae,Bryopsidales
374516,Caulerpa opposita,Plantae,Chlorophyta,Ulvophyceae,Bryopsidales
625763,Scytonematopsis crustacea,Bacteria,Cyanobacteria,Cyanophyceae,Nostocales
145875,Cladophoropsis membranacea,Plantae,Chlorophyta,Ulvophyceae,Cladophorales
214431,Gibsmithia hawaiiensis,Plantae,Rhodophyta,Florideophyceae,Gigartinales
374699,Zostera asiatica,Plantae,Tracheophyta,Magnoliopsida,Alismatales
211743,Chlorodesmis hildebrandtii,Plantae,Chlorophyta,Ulvophyceae,Bryopsidales
145287,Peyssonnelia rubra,Plantae,Rhodophyta,Florideophyceae,Peyssonneliales
145490,Erythrotrichia carnea,Plantae,Rhodophyta,Compsopogonophyceae,Erythropeltales
211595,Actinotrichia fragilis,Plantae,Rhodophyta,Florideophyceae,Nemaliales
373195,Padina sanctae-crucis,Chromista,Ochrophyta,Phaeophyceae,Dictyotales
494865,Sargassum polycystum,Chromista,Ochrophyta,Phaeophyceae,Fucales
144468,Caulerpa mexicana,Plantae,Chlorophyta,Ulvophyceae,Bryopsidales
373184,Dictyopteris jamaicensis,Chromista,Ochrophyta,Phaeophyceae,Dictyotales
145861,Hydroclathrus clathratus,Chromista,Ochrophyta,Phaeophyceae,Ectocarpales
214426,Bornetella sphaerica,Plantae,Chlorophyta,Ulvophyceae,Dasycladales
211480,Caulerpa urvilleana,Plantae,Chlorophyta,Ulvophyceae,Bryopsidales
497319,Ceratodictyon intricatum,Plantae,Rhodophyta,Florideophyceae,Rhodymeniales
211735,Codium geppiorum,Plantae,Chlorophyta,Ulvophyceae,Bryopsidales
495021,Acetabularia major,Plantae,Chlorophyta,Ulvophyceae,Dasycladales
144808,Digenea simplex,Plantae,Rhodophyta,Florideophyceae,Ceramiales
145634,Hypnea musciformis,Plantae,Rhodophyta,Florideophyceae,Gigartinales
373457,Dictyota intermedia,Chromista,Ochrophyta,Phaeophyceae,Dictyotales
145108,Corallina officinalis,Plantae,Rhodophyta,Florideophyceae,Corallinales
211528,Halimeda micronesica,Plantae,Chlorophyta,Ulvophyceae,Bryopsidales
213851,Portieria hornemannii,Plantae,Rhodophyta,Florideophyceae,Gigartinales
145605,Catenella caespitosa,Plantae,Rhodophyta,Florideophyceae,Gigartinales
220816,Hypnea pannosa,Plantae,Rhodophyta,Florideophyceae,Gigartinales
232423,Prorocentrum hoffmannianum,Chromista,Myzozoa,Dinophyceae,Prorocentrales
1346675,Carradoriella denudata,Plantae,Rhodophyta,Florideophyceae,Ceramiales
145884,Valonia utricularis,Plantae,Chlorophyta,Ulvophyceae,Cladophorales
145075,Rhizoclonium riparium,Plantae,Chlorophyta,Ulvophyceae,Cladophorales
211642,Halymenia dilatata,Plantae,Rhodophyta,Florideophyceae,Halymeniales
221475,Turbinaria turbinata,Chromista,Ochrophyta,Phaeophyceae,Fucales
374720,Thalassia testudinum,Plantae,Tracheophyta,Magnoliopsida,Alismatales
495080,Zostera japonica,Plantae,Tracheophyta,Magnoliopsida,Alismatales
144481,Halimeda discoidea,Plantae,Chlorophyta,Ulvophyceae,Bryopsidales
211535,Udotea flabellum,Plantae,Chlorophyta,Ulvophyceae,Bryopsidales
374724,Halophila johnsonii,Plantae,Tracheophyta,Magnoliopsida,Alismatales
144439,Asparagopsis taxiformis,Plantae,Rhodophyta,Florideophyceae,Bonnemaisoniales
144476,Caulerpa taxifolia,Plantae,Chlorophyta,Ulvophyceae,Bryopsidales
144706,Spyridia filamentosa,Plantae,Rhodophyta,Florideophyceae,Ceramiales
374721,Halophila baillonis,Plantae,Tracheophyta,Magnoliopsida,Alismatales
374723,Halophila hawaiiana,Plantae,Tracheophyta,Magnoliopsida,Alismatales
144823,Laurencia intricata,Plantae,Rhodophyta,Florideophyceae,Ceramiales
374105,Scinaia hormoides,Plantae,Rhodophyta,Florideophyceae,Nemaliales
374709,Phyllospadix torreyi,Plantae,Tracheophyta,Magnoliopsida,Alismatales
157299,Aglaothamnion halliae,Plantae,Rhodophyta,Florideophyceae,Ceramiales
145367,Dictyota dichotoma,Chromista,Ochrophyta,Phaeophyceae,Dictyotales
208930,Halophila ovalis,Plantae,Tracheophyta,Magnoliopsida,Alismatales
211746,Chlorodesmis fastigiata,Plantae,Chlorophyta,Ulvophyceae,Bryopsidales
144575,Crouania attenuata,Plantae,Rhodophyta,Florideophyceae,Ceramiales
495032,Sargassum turbinarioides,Chromista,Ochrophyta,Phaeophyceae,Fucales
145051,Cladophora laetevirens,Plantae,Chlorophyta,Ulvophyceae,Cladophorales
145745,Tricleocarpa fragilis,Plantae,Rhodophyta,Florideophyceae,Nemaliales
145902,Sphacelaria rigidula,Chromista,Ochrophyta,Phaeophyceae,Sphacelariales
373715,Codium isthmocladum,Plantae,Chlorophyta,Ulvophyceae,Bryopsidales
145904,Sphacelaria tribuloides,Chromista,Ochrophyta,Phaeophyceae,Sphacelariales
372964,Ochtodes secundiramea,Plantae,Rhodophyta,Florideophyceae,Gigartinales
376815,Ganonema pinnatum,Plantae,Rhodophyta,Florideophyceae,Nemaliales
144538,Ceramium cimbricum,Plantae,Rhodophyta,Florideophyceae,Ceramiales
145363,Dictyota bartayresiana,Chromista,Ochrophyta,Phaeophyceae,Dictyotales
214427,Bornetella oligospora,Plantae,Chlorophyta,Ulvophyceae,Dasycladales
144722,Dasya rigidula,Plantae,Rhodophyta,Florideophyceae,Ceramiales
145590,Gelidium pusillum,Plantae,Rhodophyta,Florideophyceae,Gelidiales
211533,Neomeris annulata,Plantae,Chlorophyta,Ulvophyceae,Dasycladales
494919,Acetabularia crenulata,Plantae,Chlorophyta,Ulvophyceae,Dasycladales
499472,Laurencia dendroidea,Plantae,Rhodophyta,Florideophyceae,Ceramiales
145091,Codium taylorii,Plantae,Chlorophyta,Ulvophyceae,Bryopsidales
211611,Galaxaura filamentosa,Plantae,Rhodophyta,Florideophyceae,Nemaliales
144462,Derbesia marina,Plantae,Chlorophyta,Ulvophyceae,Bryopsidales
376339,Ulva chaetomorphoides,Plantae,Chlorophyta,Ulvophyceae,Ulvales
145804,Champia parvula,Plantae,Rhodophyta,Florideophyceae,Rhodymeniales
211524,Halimeda macroloba,Plantae,Chlorophyta,Ulvophyceae,Bryopsidales
211527,Halimeda simulans,Plantae,Chlorophyta,Ulvophyceae,Bryopsidales
234468,Ulva flexuosa,Plantae,Chlorophyta,Ulvophyceae,Ulvales
145782,Plocamium cartilagineum,Plantae,Rhodophyta,Florideophyceae,Plocamiales
494899,Sargassum ilicifolium,Chromista,Ochrophyta,Phaeophyceae,Fucales
374716,Syringodium isoetifolium,Plantae,Tracheophyta,Magnoliopsida,Alismatales
377234,Gayliella flaccida,Plantae,Rhodophyta,Florideophyceae,Ceramiales
1310312,Lychaete herpestica,Plantae,Chlorophyta,Ulvophyceae,Cladophorales
145083,Codium decorticatum,Plantae,Chlorophyta,Ulvophyceae,Bryopsidales
213679,Leveillea jungermannioides,Plantae,Rhodophyta,Florideophyceae,Ceramiales
234031,Ruppia maritima,Plantae,Tracheophyta,Magnoliopsida,Alismatales
144506,Anotrichium tenue,Plantae,Rhodophyta,Florideophyceae,Ceramiales
221490,Turbinaria ornata,Chromista,Ochrophyta,Phaeophyceae,Fucales
373300,Udotea cyathiformis,Plantae,Chlorophyta,Ulvophyceae,Bryopsidales
1871869,Bryocladia scopulorum,Plantae,Rhodophyta,Florideophyceae,Ceramiales
211514,Halimeda cuneata,Plantae,Chlorophyta,Ulvophyceae,Bryopsidales
145881,Valonia aegagropila,Plantae,Chlorophyta,Ulvophyceae,Cladophorales
145365,Dictyota ciliolata,Chromista,Ochrophyta,Phaeophyceae,Dictyotales
211529,Halimeda gracilis,Plantae,Chlorophyta,Ulvophyceae,Bryopsidales
211739,Codium arabicum,Plantae,Chlorophyta,Ulvophyceae,Bryopsidales
145099,Amphiroa fragilissima,Plantae,Rhodophyta,Florideophyceae,Corallinales
145384,Padina gymnospora,Chromista,Ochrophyta,Phaeophyceae,Dictyotales
157084,Lyngbya aestuarii,Bacteria,Cyanobacteria,Cyanophyceae,Oscillatoriales
374715,Syringodium filiforme,Plantae,Tracheophyta,Magnoliopsida,Alismatales
145392,Stypopodium zonale,Chromista,Ochrophyta,Phaeophyceae,Dictyotales
376384,Hydropuntia edulis,Plantae,Rhodophyta,Florideophyceae,Gracilariales
110301,Prorocentrum lima,Chromista,Myzozoa,Dinophyceae,Prorocentrales
211768,Acanthophora spicifera,Plantae,Rhodophyta,Florideophyceae,Ceramiales
494810,Acetabularia caliculus,Plantae,Chlorophyta,Ulvophyceae,Dasycladales
145378,Dictyota pinnatifida,Chromista,Ochrophyta,Phaeophyceae,Dictyotales
494981,Sargassum oligocystum,Chromista,Ochrophyta,Phaeophyceae,Fucales
1359482,Melanothamnus ferulaceus,Plantae,Rhodophyta,Florideophyceae,Ceramiales
494800,Sargassum filipendula,Chromista,Ochrophyta,Phaeophyceae,Fucales
1871678,Jania pedunculata var. adhaerens,Plantae,Rhodophyta,Florideophyceae,Corallinales
371403,Kappaphycus alvarezii,Plantae,Rhodophyta,Florideophyceae,Gigartinales
144474,Caulerpa sertularioides,Plantae,Chlorophyta,Ulvophyceae,Bryopsidales
144803,Chondria polyrhiza,Plantae,Rhodophyta,Florideophyceae,Ceramiales
495016,Sargassum paniculatum,Chromista,Ochrophyta,Phaeophyceae,Fucales
211498,Caulerpa brachypus,Plantae,Chlorophyta,Ulvophyceae,Bryopsidales
376337,Parvocaulis polyphysoides,Plantae,Chlorophyta,Ulvophyceae,Dasycladales
211988,Sargassum aquifolium,Chromista,Ochrophyta,Phaeophyceae,Fucales
213683,Vanvoorstia spectabilis,Plantae,Rhodophyta,Florideophyceae,Ceramiales
374708,Phyllospadix serrulatus,Plantae,Tracheophyta,Magnoliopsida,Alismatales
145088,Codium intertextum,Plantae,Chlorophyta,Ulvophyceae,Bryopsidales
221476,Turbinaria conoides,Chromista,Ochrophyta,Phaeophyceae,Fucales
371184,Gracilaria coronopifolia,Plantae,Rhodophyta,Florideophyceae,Gracilariales
144472,Caulerpa racemosa,Plantae,Chlorophyta,Ulvophyceae,Bryopsidales
145694,Gracilaria cervicornis,Plantae,Rhodophyta,Florideophyceae,Gracilariales
211570,Boodlea composita,Plantae,Chlorophyta,Ulvophyceae,Cladophorales
145857,Colpomenia sinuosa,Chromista,Ochrophyta,Phaeophyceae,Ectocarpales
211519,Halimeda incrassata,Plantae,Chlorophyta,Ulvophyceae,Bryopsidales
144452,Bryopsis hypnoides,Plantae,Chlorophyta,Ulvophyceae,Bryopsidales
145684,Wurdemannia miniata,Plantae,Rhodophyta,Florideophyceae,Gigartinales
145570,Gelidiella machrisiana,Plantae,Rhodophyta,Florideophyceae,Gelidiales
221169,Avrainvillea lacerata,Plantae,Chlorophyta,Ulvophyceae,Bryopsidales
1871856,Bryocladia atlantica,Plantae,Rhodophyta,Florideophyceae,Ceramiales
144731,Heterosiphonia crispella,Plantae,Rhodophyta,Florideophyceae,Ceramiales
145713,Halophila decipiens,Plantae,Tracheophyta,Magnoliopsida,Alismatales
146701,Phormidium submembranaceum,Bacteria,Cyanobacteria,Cyanophyceae,Oscillatoriales
214306,Dictyopteris repens,Chromista,Ochrophyta,Phaeophyceae,Dictyotales
372307,Halimeda taenicola,Plantae,Chlorophyta,Ulvophyceae,Bryopsidales
145385,Padina pavonica,Chromista,Ochrophyta,Phaeophyceae,Dictyotales
231885,Prorocentrum mexicanum,Chromista,Myzozoa,Dinophyceae,Prorocentrales
371845,Halimeda velasquezii,Plantae,Chlorophyta,Ulvophyceae,Bryopsidales
373269,Caulerpa paspaloides,Plantae,Chlorophyta,Ulvophyceae,Bryopsidales
1340376,Crassiphycus crassissimus,Plantae,Rhodophyta,Florideophyceae,Gracilariales
145013,Microdictyon boergesenii,Plantae,Chlorophyta,Ulvophyceae,Cladophorales
145118,Hydrolithon farinosum,Plantae,Rhodophyta,Florideophyceae,Corallinales
178434,Brachytrichia quoyi,Bacteria,Cyanobacteria,Cyanophyceae,Nostocales
372306,Halimeda minima,Plantae,Chlorophyta,Ulvophyceae,Bryopsidales
374214,Codium edule,Plantae,Chlorophyta,Ulvophyceae,Bryopsidales
374722,Halophila engelmannii,Plantae,Tracheophyta,Magnoliopsida,Alismatales
144467,Caulerpa cupressoides,Plantae,Chlorophyta,Ulvophyceae,Bryopsidales
145124,Jania capillacea,Plantae,Rhodophyta,Florideophyceae,Corallinales
145247,Grateloupia doryphora,Plantae,Rhodophyta,Florideophyceae,Halymeniales
145636,Hypnea valentiae,Plantae,Rhodophyta,Florideophyceae,Gigartinales
145756,Liagora ceranoides,Plantae,Rhodophyta,Florideophyceae,Nemaliales
374707,Phyllospadix scouleri,Plantae,Tracheophyta,Magnoliopsida,Alismatales
214277,Tolypiocladia glomerulata,Plantae,Rhodophyta,Florideophyceae,Ceramiales
145012,Anadyomene stellata,Plantae,Chlorophyta,Ulvophyceae,Cladophorales
144457,Bryopsis plumosa,Plantae,Chlorophyta,Ulvophyceae,Bryopsidales
208926,Halophila minor,Plantae,Tracheophyta,Magnoliopsida,Alismatales
145846,Coelothrix irregularis,Plantae,Rhodophyta,Florideophyceae,Rhodymeniales
156078,Ulva clathrata,Plantae,Chlorophyta,Ulvophyceae,Ulvales
372010,Padina australis,Chromista,Ochrophyta,Phaeophyceae,Dictyotales
145567,Gelidiella acerosa,Plantae,Rhodophyta,Florideophyceae,Gelidiales
144825,Laurencia microcladia,Plantae,Rhodophyta,Florideophyceae,Ceramiales
377141,Canistrocarpus cervicornis,Chromista,Ochrophyta,Phaeophyceae,Dictyotales
211523,Halimeda fragilis,Plantae,Chlorophyta,Ulvophyceae,Bryopsidales
211539,Udotea argentea,Plantae,Chlorophyta,Ulvophyceae,Bryopsidales
241215,Halimeda lacunalis,Plantae,Chlorophyta,Ulvophyceae,Bryopsidales
608242,Calothrix confervicola,Bacteria,Cyanobacteria,Cyanophyceae,Nostocales
111600,Alcyonidium gelatinosum,Animalia,Bryozoa,Gymnolaemata,Ctenostomatida
144477,Caulerpa webbiana,Plantae,Chlorophyta,Ulvophyceae,Bryopsidales
145206,Pneophyllum fragile,Plantae,Rhodophyta,Florideophyceae,Corallinales
145366,Dictyota crenulata,Chromista,Ochrophyta,Phaeophyceae,Dictyotales
239301,Laurencia filiformis,Plantae,Rhodophyta,Florideophyceae,Ceramiales
178513,Symploca hydnoides,Bacteria,Cyanobacteria,Cyanophyceae,Coleofasciculales
211627,Amphiroa tribulus,Plantae,Rhodophyta,Florideophyceae,Corallinales
372322,Predaea weldii,Plantae,Rhodophyta,Florideophyceae,Nemastomatales
145381,Lobophora variegata,Chromista,Ochrophyta,Phaeophyceae,Dictyotales
145744,Tricleocarpa cylindrica,Plantae,Rhodophyta,Florideophyceae,Nemaliales
211638,Amphiroa foliacea,Plantae,Rhodophyta,Florideophyceae,Corallinales
211680,Valonia ventricosa,Plantae,Chlorophyta,Ulvophyceae,Cladophorales
325522,Iridaea cordata,Plantae,Rhodophyta,Florideophyceae,Gigartinales
145984,Ulva lactuca,Plantae,Chlorophyta,Ulvophyceae,Ulvales
146242,Phyllodictyon anastomosans,Plantae,Chlorophyta,Ulvophyceae,Cladophorales
211673,Valoniopsis pachynema,Plantae,Chlorophyta,Ulvophyceae,Cladophorales
220228,Thalassodendron ciliatum,Plantae,Tracheophyta,Magnoliopsida,Alismatales
373059,Ceramium nitens,Plantae,Rhodophyta,Florideophyceae,Ceramiales
373201,Sargassum hystrix,Chromista,Ochrophyta,Phaeophyceae,Fucales
145625,Chondrus crispus,Plantae,Rhodophyta,Florideophyceae,Gigartinales
221173,Avrainvillea erecta,Plantae,Chlorophyta,Ulvophyceae,Bryopsidales
373488,Galaxaura divaricata,Plantae,Rhodophyta,Florideophyceae,Nemaliales
145691,Gracilaria arcuata,Plantae,Rhodophyta,Florideophyceae,Gracilariales
211549,Gracilaria salicornia,Plantae,Rhodophyta,Florideophyceae,Gracilariales
371236,Halymenia durvillei,Plantae,Rhodophyta,Florideophyceae,Halymeniales
371824,Cladophoropsis vaucheriiformis,Plantae,Chlorophyta,Ulvophyceae,Cladophorales
145599,Pterocladiella capillacea,Plantae,Rhodophyta,Florideophyceae,Gelidiales
211501,Bostrychia tenella,Plantae,Rhodophyta,Florideophyceae,Ceramiales
220791,Padina minor,Chromista,Ochrophyta,Phaeophyceae,Dictyotales
145739,Galaxaura rugosa,Plantae,Rhodophyta,Florideophyceae,Nemaliales
208925,Halodule wrightii,Plantae,Tracheophyta,Magnoliopsida,Alismatales
214136,Spermothamnion investiens,Plantae,Rhodophyta,Florideophyceae,Ceramiales
144712,Wrangelia argus,Plantae,Rhodophyta,Florideophyceae,Ceramiales
208932,Enhalus acoroides,Plantae,Tracheophyta,Magnoliopsida,Alismatales
144539,Ceramium cingulatum,Plantae,Rhodophyta,Florideophyceae,Ceramiales
145225,Dudresnaya crassa,Plantae,Rhodophyta,Florideophyceae,Gigartinales
211483,Caulerpa verticillata,Plantae,Chlorophyta,Ulvophyceae,Bryopsidales
220819,Hypnea cervicornis,Plantae,Rhodophyta,Florideophyceae,Gigartinales
494914,Sargassum polyceratium,Chromista,Ochrophyta,Phaeophyceae,Fucales
145357,Dictyopteris delicatula,Chromista,Ochrophyta,Phaeophyceae,Dictyotales
213670,Amansia glomerata,Plantae,Rhodophyta,Florideophyceae,Ceramiales
208924,Halodule uninervis,Plantae,Tracheophyta,Magnoliopsida,Alismatales
211484,Caulerpa ambigua,Plantae,Chlorophyta,Ulvophyceae,Bryopsidales
211521,Halimeda stuposa,Plantae,Chlorophyta,Ulvophyceae,Bryopsidales
232231,Macrocystis pyrifera,Chromista,Ochrophyta,Phaeophyceae,Laminariales
144827,Laurencia obtusa,Plantae,Rhodophyta,Florideophyceae,Ceramiales
211510,Halimeda macrophysa,Plantae,Chlorophyta,Ulvophyceae,Bryopsidales
211730,Codium bartlettii,Plantae,Chlorophyta,Ulvophyceae,Bryopsidales
373189,Dictyota pulchella,Chromista,Ochrophyta,Phaeophyceae,Dictyotales
700395,Caulerpa chemnitzia,Plantae,Chlorophyta,Ulvophyceae,Bryopsidales
145229,Pikea californica,Plantae,Rhodophyta,Florideophyceae,Gigartinales
374518,Avrainvillea longicaulis,Plantae,Chlorophyta,Ulvophyceae,Bryopsidales
144484,Penicillus capitatus,Plantae,Chlorophyta,Ulvophyceae,Bryopsidales
145027,Chaetomorpha linum,Plantae,Chlorophyta,Ulvophyceae,Cladophorales
220782,Dictyota friabilis,Chromista,Ochrophyta,Phaeophyceae,Dictyotales
626404,Halodule pinifolia,Plantae,Tracheophyta,Magnoliopsida,Alismatales
144482,Halimeda opuntia,Plantae,Chlorophyta,Ulvophyceae,Bryopsidales
145990,Ulva rigida,Plantae,Chlorophyta,Ulvophyceae,Ulvales
234476,Ulva prolifera,Plantae,Chlorophyta,Ulvophyceae,Ulvales
374725,Halophila spinulosa,Plantae,Tracheophyta,Magnoliopsida,Alismatales
211665,Lyngbya confervoides,Bacteria,Cyanobacteria,Cyanophyceae,Oscillatoriales
214170,Caloglossa leprieurii,Plantae,Rhodophyta,Florideophyceae,Ceramiales
375026,Asteronema breviarticulatum,Chromista,Ochrophyta,Phaeophyceae,Scytothamnales
375394,Avrainvillea hollenbergii,Plantae,Chlorophyta,Ulvophyceae,Bryopsidales
495077,Zostera marina,Plantae,Tracheophyta,Magnoliopsida,Alismatales
145880,Ernodesmis verticillata,Plantae,Chlorophyta,Ulvophyceae,Cladophorales
213998,Eucheuma denticulatum,Plantae,Rhodophyta,Florideophyceae,Gigartinales
371494,Euptilota articulata,Plantae,Rhodophyta,Florideophyceae,Ceramiales
145371,Dictyota implexa,Chromista,Ochrophyta,Phaeophyceae,Dictyotales
144531,Centroceras clavulatum,Plantae,Rhodophyta,Florideophyceae,Ceramiales
145749,Ganonema farinosum,Plantae,Rhodophyta,Florideophyceae,Nemaliales
211485,Caulerpa serrulata,Plantae,Chlorophyta,Ulvophyceae,Bryopsidales
211513,Halimeda cylindracea,Plantae,Chlorophyta,Ulvophyceae,Bryopsidales
210734,Distichopora violacea,Animalia,Cnidaria,Hydrozoa,Anthoathecata
1647572,Mimica arnoldii,Plantae,Rhodophyta,Florideophyceae,Gigartinales
220775,Dictyota hamifera,Chromista,Ochrophyta,Phaeophyceae,Dictyotales
214395,Dictyosphaeria cavernosa,Plantae,Chlorophyta,Ulvophyceae,Cladophorales
325495,Delisea pulchra,Plantae,Rhodophyta,Florideophyceae,Bonnemaisoniales
371835,Caulerpa nummularia,Plantae,Chlorophyta,Ulvophyceae,Bryopsidales
495983,Porolithon onkodes,Plantae,Rhodophyta,Florideophyceae,Corallinales
141432,Seguenzia monocingulata,Animalia,Mollusca,Gastropoda,Seguenziida
1014827,Salvelinus drjagini,Animalia,Chordata,Teleostei,Salmoniformes
1015692,Coregonus subautumnalis,Animalia,Chordata,Teleostei,Salmoniformes
145714,Halophila stipulacea,Plantae,Tracheophyta,Magnoliopsida,Alismatales
145794,Posidonia oceanica,Plantae,Tracheophyta,Magnoliopsida,Alismatales
212701,Phalacrocorax africanus,Animalia,Chordata,Aves,Pelecaniformes
214106,Euptilota fergusonii,Plantae,Rhodophyta,Florideophyceae,Ceramiales
232056,Eremophila alpestris,Animalia,Chordata,Aves,Passeriformes
325542,Palmaria decipiens,Plantae,Rhodophyta,Florideophyceae,Palmariales
325570,Utriculidium durvillei,Chromista,Ochrophyta,Phaeophyceae,Ectocarpales
373474,Marginariella boryana,Chromista,Ochrophyta,Phaeophyceae,Fucales
374729,Posidonia denhartogii,Plantae,Tracheophyta,Magnoliopsida,Alismatales
505401,Panopea abrupta,Animalia,Mollusca,Bivalvia,Adapedonta
495078,Zostera capensis,Plantae,Tracheophyta,Magnoliopsida,Alismatales
593702,Zostera nigricaulis,Plantae,Tracheophyta,Magnoliopsida,Alismatales
990018,Rissoina oolitensis,Animalia,Mollusca,Gastropoda,Littorinimorpha
1484436,Empidonax traillii,Animalia,Chordata,Aves,Passeriformes
1484469,Lanius ludovicianus,Animalia,Chordata,Aves,Passeriformes
207531,Geograpsus grayi,Animalia,Arthropoda,Malacostraca,Decapoda
162919,Callophyllis variegata,Plantae,Rhodophyta,Florideophyceae,Gigartinales
1634884,Lamellileda tatei,Animalia,Mollusca,Bivalvia,Nuculanida
159150,Mycteria americana,Animalia,Chordata,Aves,Ciconiiformes
1441794,Sigapatella aperta,Animalia,Mollusca,Gastropoda,Littorinimorpha
145079,Codium bursa,Plantae,Chlorophyta,Ulvophyceae,Bryopsidales
1537097,Microphis boaja,Animalia,Chordata,Teleostei,Syngnathiformes
1794182,Sconsia striata,Animalia,Mollusca,Gastropoda,Littorinimorpha
214344,Ecklonia radiata,Chromista,Ochrophyta,Phaeophyceae,Laminariales
239100,Caulerpa flexilis,Plantae,Chlorophyta,Ulvophyceae,Bryopsidales
299349,Anguilla borneensis,Animalia,Chordata,Teleostei,Anguilliformes
372019,Hormophysa cuneiformis,Chromista,Ochrophyta,Phaeophyceae,Fucales
373370,Durvillaea antarctica,Chromista,Ochrophyta,Phaeophyceae,Fucales
376807,Dichotomaria marginata,Plantae,Rhodophyta,Florideophyceae,Nemaliales
404077,Coregonus widegreni,Animalia,Chordata,Teleostei,Salmoniformes
404088,Lutrogale perspicillata,Animalia,Chordata,Mammalia,Carnivora
495081,Zostera muelleri,Plantae,Tracheophyta,Magnoliopsida,Alismatales
1666343,Hippopotamus amphibius,Animalia,Chordata,Mammalia,Artiodactyla
208929,Halophila beccarii,Plantae,Tracheophyta,Magnoliopsida,Alismatales
1245997,Neohornibrookella transoceanica,Animalia,Arthropoda,Ostracoda,Podocopida
145216,Titanoderma pustulatum,Plantae,Rhodophyta,Florideophyceae,Corallinales
1656854,Nuculana radiata,Animalia,Mollusca,Bivalvia,Nuculanida
1661303,Nassaria fusiformis,Animalia,Mollusca,Gastropoda,Neogastropoda
293017,Phyllophora antarctica,Plantae,Rhodophyta,Florideophyceae,Gigartinales
374728,Cymodocea angustata,Plantae,Tracheophyta,Magnoliopsida,Alismatales
420842,Crassinella dupliniana,Animalia,Mollusca,Bivalvia,Carditida
495083,Zostera caulescens,Plantae,Tracheophyta,Magnoliopsida,Alismatales
495094,Ruppia tuberosa,Plantae,Tracheophyta,Magnoliopsida,Alismatales
818888,Septaria porcellana,Animalia,Mollusca,Gastropoda,Cycloneritida
1329348,Tuerkayana hirtipes,Animalia,Arthropoda,Malacostraca,Decapoda
1389961,Boa constrictor,Animalia,Chordata,NA,Squamata
1485175,Caracara plancus,Animalia,Chordata,Aves,Falconiformes
1650153,Modiolus elongatus,Animalia,Mollusca,Bivalvia,Mytilida
178915,Ceramium virgatum,Plantae,Rhodophyta,Florideophyceae,Ceramiales
1012306,Microphis cruentus,Animalia,Chordata,Teleostei,Syngnathiformes
159009,Gallinula chloropus,Animalia,Chordata,Aves,Gruiformes
1361076,Halophila sulawesii,Plantae,Tracheophyta,Magnoliopsida,Alismatales
1389958,Carettochelys insculpta,Animalia,Chordata,NA,Testudines
144438,Asparagopsis armata,Plantae,Rhodophyta,Florideophyceae,Bonnemaisoniales
145546,Fucus serratus,Chromista,Ochrophyta,Phaeophyceae,Fucales
145681,Solieria chordalis,Plantae,Rhodophyta,Florideophyceae,Gigartinales
239176,Cystophora retroflexa,Chromista,Ochrophyta,Phaeophyceae,Fucales
325498,Desmarestia menziesii,Chromista,Ochrophyta,Phaeophyceae,Desmarestiales
325529,Monostroma hariotii,Plantae,Chlorophyta,Ulvophyceae,Ulotrichales
374705,Phyllospadix iwatensis,Plantae,Tracheophyta,Magnoliopsida,Alismatales
374713,Posidonia ostenfeldii,Plantae,Tracheophyta,Magnoliopsida,Alismatales
374730,Posidonia kirkmanii,Plantae,Tracheophyta,Magnoliopsida,Alismatales
377178,Halodule ciliata,Plantae,Tracheophyta,Magnoliopsida,Alismatales
422586,Rostrhamus sociabilis,Animalia,Chordata,Aves,Falconiformes
422609,Coccyzus americanus,Animalia,Chordata,Aves,Cuculiformes
495093,Ruppia megacarpa,Plantae,Tracheophyta,Magnoliopsida,Alismatales
495097,Lepilaena marina,Plantae,Tracheophyta,Magnoliopsida,Alismatales
574116,Batissa violacea,Animalia,Mollusca,Bivalvia,Venerida
766475,Amusium papyraceum,Animalia,Mollusca,Bivalvia,Pectinida
593703,Zostera polychlamys,Plantae,Tracheophyta,Magnoliopsida,Alismatales
1348130,Porites panamensis,Animalia,Cnidaria,Hexacorallia,Scleractinia
1417014,Caiman crocodilus,Animalia,Chordata,Crocodylia,NA
208921,Cymodocea rotundata,Plantae,Tracheophyta,Magnoliopsida,Alismatales
1026989,Pseudophallus starksii,Animalia,Chordata,Teleostei,Syngnathiformes
159107,Aquila chrysaetos,Animalia,Chordata,Aves,Falconiformes
1383658,Stictorhinus potamius,Animalia,Chordata,Teleostei,Anguilliformes
214082,Balliella crouanioides,Plantae,Rhodophyta,Florideophyceae,Ceramiales
234462,Ulva compressa,Plantae,Chlorophyta,Ulvophyceae,Ulvales
371171,Pterocladia lucida,Plantae,Rhodophyta,Florideophyceae,Gelidiales
373322,Hormosira banksii,Chromista,Ochrophyta,Phaeophyceae,Fucales
374712,Posidonia australis,Plantae,Tracheophyta,Magnoliopsida,Alismatales
374717,Thalassodendron pachyrhizum,Plantae,Tracheophyta,Magnoliopsida,Alismatales
374726,Halophila tricostata,Plantae,Tracheophyta,Magnoliopsida,Alismatales
420807,Diplodonta nucleiformis,Animalia,Mollusca,Bivalvia,Venerida
420942,Lirophora latilirata,Animalia,Mollusca,Bivalvia,Venerida
499773,Lessonia flavicans,Chromista,Ochrophyta,Phaeophyceae,Laminariales
933783,Ensis directus,Animalia,Mollusca,Bivalvia,Adapedonta
1289690,Conasprella imitator,Animalia,Mollusca,Gastropoda,Neogastropoda
207532,Geograpsus crinipes,Animalia,Arthropoda,Malacostraca,Decapoda
1598069,Madracis ornata,Animalia,Cnidaria,Hexacorallia,Scleractinia
1664421,Conus climax,Animalia,Mollusca,Gastropoda,Neogastropoda
1873041,Nanozostera noltei,Plantae,Tracheophyta,Magnoliopsida,Alismatales
1018220,Lamnostoma mindora,Animalia,Chordata,Teleostei,Anguilliformes
1384587,Hippichthys albomaculosus,Animalia,Chordata,Teleostei,Syngnathiformes
1457593,Batagur baska,Animalia,Chordata,NA,Testudines
1765892,Paracratis minuta,Animalia,Mollusca,Bivalvia,Arcida
211729,Codium spongiosum,Plantae,Chlorophyta,Ulvophyceae,Bryopsidales
325420,Adenocystis utricularis,Chromista,Ochrophyta,Phaeophyceae,Ectocarpales
374706,Phyllospadix japonicus,Plantae,Tracheophyta,Magnoliopsida,Alismatales
374714,Posidonia sinuosa,Plantae,Tracheophyta,Magnoliopsida,Alismatales
420534,Acteocina lepta,Animalia,Mollusca,Gastropoda,Cephalaspidea
420938,Globivenus rugatina,Animalia,Mollusca,Bivalvia,Venerida
422630,Vermivora chrysoptera,Animalia,Chordata,Aves,Passeriformes
494922,Sargassum sinclairii,Chromista,Ochrophyta,Phaeophyceae,Fucales
707659,Pythia scarabaeus,Animalia,Mollusca,Gastropoda,Ellobiida
532866,Fusiturricula jaquensis,Animalia,Mollusca,Gastropoda,Neogastropoda
593699,Althenia filiformis,Plantae,Tracheophyta,Magnoliopsida,Alismatales
1443791,Gallinula galeata,Animalia,Chordata,Aves,Gruiformes
159370,Buteo platypterus,Animalia,Chordata,Aves,Falconiformes
145793,Cymodocea nodosa,Plantae,Tracheophyta,Magnoliopsida,Alismatales
239097,Caulerpa brownii,Plantae,Chlorophyta,Ulvophyceae,Bryopsidales
325432,Ascoseira mirabilis,Chromista,Ochrophyta,Phaeophyceae,Ascoseirales
373334,Carpophyllum flexuosum,Chromista,Ochrophyta,Phaeophyceae,Fucales
373397,Durvillaea willana,Chromista,Ochrophyta,Phaeophyceae,Fucales
374719,Amphibolis griffithii,Plantae,Tracheophyta,Magnoliopsida,Alismatales
377177,Halodule bermudensis,Plantae,Tracheophyta,Magnoliopsida,Alismatales
421000,Pandora arenosa,Animalia,Mollusca,Bivalvia,NA
422602,Grus americana,Animalia,Chordata,Aves,Gruiformes
495076,Zostera caespitosa,Plantae,Tracheophyta,Magnoliopsida,Alismatales
533008,Mactra patagonica,Animalia,Mollusca,Bivalvia,Venerida
555296,Zostera tasmanica,Plantae,Tracheophyta,Magnoliopsida,Alismatales
593695,Halophila major,Plantae,Tracheophyta,Magnoliopsida,Alismatales
593696,Halophila nipponica,Plantae,Tracheophyta,Magnoliopsida,Alismatales
208931,Thalassia hemprichii,Plantae,Tracheophyta,Magnoliopsida,Alismatales
159105,Accipiter striatus,Animalia,Chordata,Aves,Falconiformes
1808334,Nassarius scalaris,Animalia,Mollusca,Gastropoda,Neogastropoda
214079,Ballia callitricha,Plantae,Rhodophyta,Florideophyceae,Balliales
240543,Zonaria turneriana,Chromista,Ochrophyta,Phaeophyceae,Dictyotales
254982,Sotalia fluviatilis,Animalia,Chordata,Mammalia,Cetartiodactyla
373349,Carpophyllum plumosum,Chromista,Ochrophyta,Phaeophyceae,Fucales
373376,Landsburgia quercifolia,Chromista,Ochrophyta,Phaeophyceae,Fucales
373377,Carpophyllum maschalocarpum,Chromista,Ochrophyta,Phaeophyceae,Fucales
373467,Lessonia variegata,Chromista,Ochrophyta,Phaeophyceae,Laminariales
373472,Xiphophora chondrophylla,Chromista,Ochrophyta,Phaeophyceae,Fucales
373489,Nothogenia fastigiata,Plantae,Rhodophyta,Florideophyceae,Nemaliales
374711,Posidonia angustifolia,Plantae,Tracheophyta,Magnoliopsida,Alismatales
374718,Amphibolis antarctica,Plantae,Tracheophyta,Magnoliopsida,Alismatales
374889,Halophila australis,Plantae,Tracheophyta,Magnoliopsida,Alismatales
416218,Ruppia cirrhosa,Plantae,Tracheophyta,Magnoliopsida,Alismatales
423498,Macoma obliqua,Animalia,Mollusca,Bivalvia,Cardiida
605602,Ficus subintermedia,Animalia,Mollusca,Gastropoda,Littorinimorpha
832052,Vaginella depressa,Animalia,Mollusca,Gastropoda,Pteropoda
1901174,Ophichthus sangjuensis,Animalia,Chordata,Teleostei,Anguilliformes
