taxon,common,acro,method,origin,auc,cbi,tss_p10,sens_p10,spec_p10,accepted,n_fit,n_eval,background
137205,loggerhead,og,ensemble,cv,0.61,0.938,0.115,0.9,0.215,TRUE,23666,13,target-group
137205,loggerhead,og,ensemble,eval,0.418,-0.211,0.028,0.846,0.182,TRUE,23666,13,target-group
137205,loggerhead,og,maxent,cv,0.593,0.832,0.083,0.9,0.183,TRUE,23666,13,target-group
137205,loggerhead,og,rf,cv,0.621,0.989,0.134,0.901,0.232,TRUE,23666,13,target-group
137205,loggerhead,og,xgboost,cv,0.617,0.993,0.128,0.9,0.228,TRUE,23666,13,target-group
137205,loggerhead,ogmp,ensemble,cv,0.919,0.965,0.698,0.899,0.799,TRUE,1160,13,target-group
137205,loggerhead,ogmp,ensemble,eval,0.848,-0.019,0.623,0.846,0.777,TRUE,1160,13,target-group
137205,loggerhead,ogmp,maxent,cv,0.914,0.955,0.691,0.898,0.793,TRUE,1160,13,target-group
137205,loggerhead,ogmp,rf,cv,0.922,0.975,0.7,0.898,0.802,TRUE,1160,13,target-group
137205,loggerhead,ogmp,xgboost,cv,0.922,0.966,0.702,0.899,0.803,TRUE,1160,13,target-group
137206,green,og,maxent,cv,NA,NA,NA,NA,NA,FALSE,4926,11,target-group
137206,green,og,ensemble,cv,0.797,0.979,0.401,0.9,0.501,TRUE,4926,11,target-group
137206,green,og,ensemble,eval,0.886,0.722,0.677,0.909,0.768,TRUE,4926,11,target-group
137206,green,og,rf,cv,0.815,0.981,0.475,0.9,0.574,TRUE,4926,11,target-group
137206,green,og,xgboost,cv,0.778,0.977,0.327,0.9,0.428,TRUE,4926,11,target-group
137206,green,ogm,ensemble,cv,0.951,0.967,0.796,0.9,0.897,TRUE,4926,11,target-group
137206,green,ogm,ensemble,eval,0.987,0.821,0.891,0.909,0.982,TRUE,4926,11,target-group
137206,green,ogm,maxent,cv,0.949,0.938,0.792,0.9,0.892,TRUE,4926,11,target-group
137206,green,ogm,rf,cv,0.954,0.984,0.804,0.9,0.904,TRUE,4926,11,target-group
137206,green,ogm,xgboost,cv,0.951,0.98,0.793,0.9,0.893,TRUE,4926,11,target-group
137207,hawksbill,og,ensemble,cv,0.875,0.923,0.61,0.9,0.71,TRUE,2458,11,target-group
137207,hawksbill,og,ensemble,eval,0.753,-0.147,0.482,0.939,0.542,TRUE,2458,11,target-group
137207,hawksbill,og,maxent,cv,0.869,0.82,0.607,0.899,0.707,TRUE,2458,11,target-group
137207,hawksbill,og,rf,cv,0.88,0.984,0.626,0.901,0.725,TRUE,2458,11,target-group
137207,hawksbill,og,xgboost,cv,0.876,0.966,0.598,0.899,0.698,TRUE,2458,11,target-group
137207,hawksbill,ogm,ensemble,cv,0.923,0.936,0.687,0.899,0.788,TRUE,2458,11,target-group
137207,hawksbill,ogm,ensemble,eval,0.929,0.559,0.77,0.909,0.861,TRUE,2458,11,target-group
137207,hawksbill,ogm,maxent,cv,0.924,0.902,0.673,0.899,0.774,TRUE,2458,11,target-group
137207,hawksbill,ogm,rf,cv,0.925,0.979,0.706,0.899,0.806,TRUE,2458,11,target-group
137207,hawksbill,ogm,xgboost,cv,0.922,0.926,0.682,0.899,0.783,TRUE,2458,11,target-group
137208,kemps_ridley,og,ensemble,cv,0.636,0.727,0.174,0.933,0.241,TRUE,155,13,target-group
137208,kemps_ridley,og,ensemble,eval,0.862,0.505,0.497,0.897,0.6,TRUE,155,13,target-group
137208,kemps_ridley,og,maxent,cv,0.608,0.513,0.129,0.897,0.232,TRUE,155,13,target-group
137208,kemps_ridley,og,rf,cv,0.75,0.781,0.392,0.902,0.49,TRUE,155,13,target-group
137208,kemps_ridley,og,xgboost,cv,0.549,0.973,0,1,0,TRUE,155,13,target-group
137208,kemps_ridley,ogm,ensemble,cv,0.589,0.674,0.558,0.409,0.624,TRUE,155,13,target-group
137208,kemps_ridley,ogm,ensemble,eval,0.908,0.543,0.667,0.846,0.821,TRUE,155,13,target-group
137208,kemps_ridley,ogm,maxent,cv,0.884,0.786,0.612,0.896,0.716,TRUE,155,13,target-group
137208,kemps_ridley,ogm,rf,cv,0.88,0.897,0.638,0.897,0.741,TRUE,155,13,target-group
137208,kemps_ridley,ogm,xgboost,cv,0.827,0.786,0.46,0.891,0.569,TRUE,155,13,target-group
137209,leatherback,og,ensemble,cv,0.795,0.982,0.369,0.9,0.47,TRUE,8227,13,target-group
137209,leatherback,og,ensemble,eval,0.63,-0.101,0.305,0.846,0.459,TRUE,8227,13,target-group
137209,leatherback,og,maxent,cv,0.742,0.953,0.226,0.9,0.326,TRUE,8227,13,target-group
137209,leatherback,og,rf,cv,0.83,0.999,0.463,0.9,0.563,TRUE,8227,13,target-group
137209,leatherback,og,xgboost,cv,0.814,0.993,0.42,0.9,0.52,TRUE,8227,13,target-group
137209,leatherback,ogc,ensemble,cv,0.756,0.927,0.384,0.9,0.484,TRUE,8227,13,random
137209,leatherback,ogc,ensemble,eval,0.97,0.736,0.803,0.846,0.956,TRUE,8227,13,random
137209,leatherback,ogc,maxent,cv,0.745,0.931,0.349,0.9,0.449,TRUE,8227,13,random
137209,leatherback,ogc,rf,cv,0.773,0.936,0.426,0.901,0.525,TRUE,8227,13,random
137209,leatherback,ogc,xgboost,cv,0.75,0.914,0.377,0.9,0.477,TRUE,8227,13,random
137209,leatherback,ogm,ensemble,cv,0.919,0.981,0.689,0.9,0.79,TRUE,8227,13,target-group
137209,leatherback,ogm,ensemble,eval,0.903,0.492,0.697,0.846,0.851,TRUE,8227,13,target-group
137209,leatherback,ogm,maxent,cv,0.911,0.972,0.672,0.9,0.772,TRUE,8227,13,target-group
137209,leatherback,ogm,rf,cv,0.926,0.988,0.703,0.9,0.803,TRUE,8227,13,target-group
137209,leatherback,ogm,xgboost,cv,0.92,0.983,0.693,0.9,0.794,TRUE,8227,13,target-group
137209,leatherback,ogp,ensemble,cv,0.754,0.949,0.378,0.9,0.478,TRUE,7600,13,"uniform random cells of the masked env stack (realms of occurrence + adjacent, depth range +/- buffer)"
137209,leatherback,ogp,ensemble,eval,0.931,0.783,0.654,0.846,0.808,TRUE,7600,13,"uniform random cells of the masked env stack (realms of occurrence + adjacent, depth range +/- buffer)"
137209,leatherback,ogp,maxent,cv,0.745,0.943,0.348,0.9,0.449,TRUE,7600,13,"uniform random cells of the masked env stack (realms of occurrence + adjacent, depth range +/- buffer)"
137209,leatherback,ogp,rf,cv,0.769,0.969,0.41,0.901,0.509,TRUE,7600,13,"uniform random cells of the masked env stack (realms of occurrence + adjacent, depth range +/- buffer)"
137209,leatherback,ogp,xgboost,cv,0.747,0.935,0.377,0.9,0.478,TRUE,7600,13,"uniform random cells of the masked env stack (realms of occurrence + adjacent, depth range +/- buffer)"
159023,right_whale,og,ensemble,cv,0.746,0.655,0.275,0.876,0.399,TRUE,155,24,target-group
159023,right_whale,og,ensemble,eval,0.839,0.469,0.651,0.889,0.762,TRUE,155,24,target-group
159023,right_whale,og,maxent,cv,0.727,0.55,0.314,0.873,0.441,TRUE,155,24,target-group
159023,right_whale,og,rf,cv,0.773,0.865,0.31,0.873,0.438,TRUE,155,24,target-group
159023,right_whale,og,xgboost,cv,0.738,0.55,0.202,0.884,0.318,TRUE,155,24,target-group
159023,right_whale,ogc,ensemble,cv,0.844,0.395,0.61,0.83,0.781,TRUE,155,24,random
159023,right_whale,ogc,ensemble,eval,0.99,0.649,0.881,0.903,0.978,TRUE,155,24,random
159023,right_whale,ogc,maxent,cv,0.89,0.322,0.664,0.83,0.834,TRUE,155,24,random
159023,right_whale,ogc,rf,cv,0.841,0.446,0.585,0.83,0.755,TRUE,155,24,random
159023,right_whale,ogc,xgboost,cv,0.802,0.417,0.583,0.83,0.753,TRUE,155,24,random
159023,right_whale,ogm,ensemble,cv,0.761,0.65,0.393,0.891,0.502,TRUE,155,24,target-group
159023,right_whale,ogm,ensemble,eval,0.908,0.862,0.729,0.875,0.854,TRUE,155,24,target-group
159023,right_whale,ogm,maxent,cv,0.739,0.655,0.348,0.891,0.457,TRUE,155,24,target-group
159023,right_whale,ogm,rf,cv,0.795,0.753,0.435,0.891,0.544,TRUE,155,24,target-group
159023,right_whale,ogm,xgboost,cv,0.75,0.542,0.396,0.891,0.505,TRUE,155,24,target-group
159023,right_whale,ogp,ensemble,cv,0.889,0.439,0.683,0.897,0.786,TRUE,289,24,"uniform random cells of the masked env stack (realms of occurrence + adjacent, depth range +/- buffer)"
159023,right_whale,ogp,ensemble,eval,0.991,0.686,0.856,0.875,0.981,TRUE,289,24,"uniform random cells of the masked env stack (realms of occurrence + adjacent, depth range +/- buffer)"
159023,right_whale,ogp,maxent,cv,0.905,0.332,0.734,0.889,0.845,TRUE,289,24,"uniform random cells of the masked env stack (realms of occurrence + adjacent, depth range +/- buffer)"
159023,right_whale,ogp,rf,cv,0.899,0.508,0.684,0.889,0.796,TRUE,289,24,"uniform random cells of the masked env stack (realms of occurrence + adjacent, depth range +/- buffer)"
159023,right_whale,ogp,xgboost,cv,0.864,0.477,0.632,0.914,0.718,TRUE,289,24,"uniform random cells of the masked env stack (realms of occurrence + adjacent, depth range +/- buffer)"
220293,olive_ridley,og,ensemble,cv,0.877,0.941,0.631,0.899,0.732,TRUE,3054,14,target-group
220293,olive_ridley,og,ensemble,eval,0.979,0.69,0.795,0.857,0.938,TRUE,3054,14,target-group
220293,olive_ridley,og,maxent,cv,0.841,0.88,0.558,0.899,0.659,TRUE,3054,14,target-group
220293,olive_ridley,og,rf,cv,0.899,0.974,0.672,0.899,0.772,TRUE,3054,14,target-group
220293,olive_ridley,og,xgboost,cv,0.892,0.971,0.663,0.899,0.764,TRUE,3054,14,target-group
220293,olive_ridley,ogm,ensemble,cv,0.934,0.949,0.751,0.9,0.851,TRUE,3054,14,target-group
220293,olive_ridley,ogm,ensemble,eval,0.976,0.659,0.81,0.857,0.952,TRUE,3054,14,target-group
220293,olive_ridley,ogm,maxent,cv,0.935,0.911,0.766,0.899,0.866,TRUE,3054,14,target-group
220293,olive_ridley,ogm,rf,cv,0.935,0.974,0.747,0.9,0.848,TRUE,3054,14,target-group
220293,olive_ridley,ogm,xgboost,cv,0.931,0.962,0.739,0.899,0.84,TRUE,3054,14,target-group
137205,loggerhead,mpaeu,ensemble,cv,0.764,0.968,0.371,0.898,0.473,TRUE,1160,13,obis published
137205,loggerhead,mpaeu,ensemble,eval,0.832,0.557,0.6,0.872,0.728,TRUE,1160,13,obis published
137205,loggerhead,mpaeu,maxent,cv,0.735,0.972,0.275,0.898,0.377,TRUE,1160,13,obis published
137205,loggerhead,mpaeu,rf,cv,0.789,0.966,0.442,0.898,0.544,TRUE,1160,13,obis published
137205,loggerhead,mpaeu,xgboost,cv,0.769,0.966,0.396,0.898,0.498,TRUE,1160,13,obis published
137206,green,mpaeu,ensemble,cv,0.884,0.988,0.567,0.9,0.666,TRUE,5913,11,obis published
137206,green,mpaeu,ensemble,eval,0.875,0.38,0.488,0.909,0.579,TRUE,5913,11,obis published
137206,green,mpaeu,maxent,cv,0.849,0.975,0.44,0.9,0.541,TRUE,5913,11,obis published
137206,green,mpaeu,rf,cv,0.906,0.996,0.643,0.9,0.743,TRUE,5913,11,obis published
137206,green,mpaeu,xgboost,cv,0.899,0.993,0.616,0.9,0.716,TRUE,5913,11,obis published
137207,hawksbill,mpaeu,ensemble,cv,0.901,0.922,0.625,0.899,0.725,TRUE,2130,11,obis published
137207,hawksbill,mpaeu,ensemble,eval,0.614,-0.116,0.236,0.909,0.327,TRUE,2130,11,obis published
137207,hawksbill,mpaeu,maxent,cv,0.871,0.794,0.536,0.899,0.637,TRUE,2130,11,obis published
137207,hawksbill,mpaeu,rf,cv,0.921,0.991,0.682,0.9,0.782,TRUE,2130,11,obis published
137207,hawksbill,mpaeu,xgboost,cv,0.91,0.98,0.657,0.899,0.757,TRUE,2130,11,obis published
137208,kemps_ridley,mpaeu,ensemble,cv,0.937,0.821,0.705,0.896,0.809,TRUE,1108,13,obis published
137208,kemps_ridley,mpaeu,ensemble,eval,0.981,0.704,0.813,0.846,0.967,TRUE,1108,13,obis published
137208,kemps_ridley,mpaeu,maxent,cv,0.936,0.762,0.691,0.895,0.796,TRUE,1108,13,obis published
137208,kemps_ridley,mpaeu,rf,cv,0.941,0.904,0.718,0.895,0.824,TRUE,1108,13,obis published
137208,kemps_ridley,mpaeu,xgboost,cv,0.935,0.799,0.705,0.898,0.806,TRUE,1108,13,obis published
137209,leatherback,mpaeu,ensemble,cv,0.74,0.895,0.384,0.9,0.484,TRUE,7600,13,obis published
137209,leatherback,mpaeu,ensemble,eval,0.938,0.778,0.677,0.846,0.831,TRUE,7600,13,obis published
137209,leatherback,mpaeu,maxent,cv,0.713,0.802,0.35,0.9,0.451,TRUE,7600,13,obis published
137209,leatherback,mpaeu,rf,cv,0.763,0.934,0.417,0.901,0.516,TRUE,7600,13,obis published
137209,leatherback,mpaeu,xgboost,cv,0.744,0.95,0.384,0.9,0.485,TRUE,7600,13,obis published
159023,right_whale,mpaeu,ensemble,cv,0.891,0.578,0.651,0.871,0.78,TRUE,289,24,obis published
159023,right_whale,mpaeu,ensemble,eval,0.994,0.659,0.879,0.889,0.99,TRUE,289,24,obis published
159023,right_whale,mpaeu,maxent,cv,0.883,0.41,0.664,0.871,0.793,TRUE,289,24,obis published
159023,right_whale,mpaeu,rf,cv,0.907,0.7,0.67,0.871,0.799,TRUE,289,24,obis published
159023,right_whale,mpaeu,xgboost,cv,0.882,0.626,0.618,0.871,0.747,TRUE,289,24,obis published
220293,olive_ridley,mpaeu,ensemble,cv,0.833,0.952,0.474,0.9,0.575,TRUE,2016,14,obis published
220293,olive_ridley,mpaeu,ensemble,eval,0.998,0.595,0.85,0.857,0.993,TRUE,2016,14,obis published
220293,olive_ridley,mpaeu,maxent,cv,0.801,0.887,0.407,0.899,0.508,TRUE,2016,14,obis published
220293,olive_ridley,mpaeu,rf,cv,0.86,0.993,0.547,0.9,0.647,TRUE,2016,14,obis published
220293,olive_ridley,mpaeu,xgboost,cv,0.838,0.975,0.469,0.9,0.569,TRUE,2016,14,obis published
