taxon,region,rule,n_p10,n_ch,n_fit,n_kept,n_ch_kept,n_fit_kept,n_kept_in_iucn,common
137205,EEZ Alaska,P10,55807,0,0,55807,0,0,53078,Loggerhead
137205,EEZ Alaska,A,55807,0,0,0,0,0,0,Loggerhead
137205,EEZ Alaska,A fit region,55807,0,0,52227,0,0,51195,Loggerhead
137205,EEZ Alaska,B 150 km,55807,0,0,0,0,0,0,Loggerhead
137205,EEZ Alaska,B 250 km,55807,0,0,0,0,0,0,Loggerhead
137205,EEZ Alaska,B 400 km,55807,0,0,0,0,0,0,Loggerhead
137205,EEZ Alaska,C,55807,0,0,0,0,0,0,Loggerhead
137205,EEZ Alaska,D,55807,0,0,47276,0,0,46370,Loggerhead
137205,EEZ Alaska,E,55807,0,0,0,0,0,0,Loggerhead
137205,EEZ Alaska,E mega,55807,0,0,0,0,0,0,Loggerhead
137205,EEZ Alaska,E no guard,55807,0,0,0,0,0,0,Loggerhead
137205,EEZ Atlantic,P10,51436,16838,20,51436,16619,20,51432,Loggerhead
137205,EEZ Atlantic,A,51436,16838,20,51431,16617,20,51427,Loggerhead
137205,EEZ Atlantic,A fit region,51436,16838,20,51431,16617,20,51427,Loggerhead
137205,EEZ Atlantic,B 150 km,51436,16838,20,52357,16838,20,52353,Loggerhead
137205,EEZ Atlantic,B 250 km,51436,16838,20,52357,16838,20,52353,Loggerhead
137205,EEZ Atlantic,B 400 km,51436,16838,20,52357,16838,20,52353,Loggerhead
137205,EEZ Atlantic,C,51436,16838,20,28729,16838,11,28729,Loggerhead
137205,EEZ Atlantic,D,51436,16838,20,49570,16838,20,49566,Loggerhead
137205,EEZ Atlantic,E,51436,16838,20,49570,16838,20,49566,Loggerhead
137205,EEZ Atlantic,E mega,51436,16838,20,49570,16838,20,49566,Loggerhead
137205,EEZ Atlantic,E no guard,51436,16838,20,49570,16838,20,49566,Loggerhead
137205,EEZ Gulf,P10,23874,14427,9,23874,14372,9,23874,Loggerhead
137205,EEZ Gulf,A,23874,14427,9,23873,14372,9,23873,Loggerhead
137205,EEZ Gulf,A fit region,23874,14427,9,23873,14372,9,23873,Loggerhead
137205,EEZ Gulf,B 150 km,23874,14427,9,23983,14427,9,23983,Loggerhead
137205,EEZ Gulf,B 250 km,23874,14427,9,23983,14427,9,23983,Loggerhead
137205,EEZ Gulf,B 400 km,23874,14427,9,23983,14427,9,23983,Loggerhead
137205,EEZ Gulf,C,23874,14427,9,20689,14427,8,20689,Loggerhead
137205,EEZ Gulf,D,23874,14427,9,23774,14427,9,23774,Loggerhead
137205,EEZ Gulf,E,23874,14427,9,23774,14427,9,23774,Loggerhead
137205,EEZ Gulf,E mega,23874,14427,9,23774,14427,9,23774,Loggerhead
137205,EEZ Gulf,E no guard,23874,14427,9,23774,14427,9,23774,Loggerhead
137205,EEZ Pacific,P10,61327,0,21,61327,0,16,61320,Loggerhead
137205,EEZ Pacific,A,61327,0,21,54871,0,16,54865,Loggerhead
137205,EEZ Pacific,A fit region,61327,0,21,59290,0,16,59284,Loggerhead
137205,EEZ Pacific,B 150 km,61327,0,21,64261,0,21,64253,Loggerhead
137205,EEZ Pacific,B 250 km,61327,0,21,91523,0,21,91505,Loggerhead
137205,EEZ Pacific,B 400 km,61327,0,21,120373,0,21,120355,Loggerhead
137205,EEZ Pacific,C,61327,0,21,8884,0,1,8884,Loggerhead
137205,EEZ Pacific,D,61327,0,21,46322,0,12,46317,Loggerhead
137205,EEZ Pacific,E,61327,0,21,46322,0,12,46317,Loggerhead
137205,EEZ Pacific,E mega,61327,0,21,46322,0,12,46317,Loggerhead
137205,EEZ Pacific,E no guard,61327,0,21,0,0,0,0,Loggerhead
137205,Globe,P10,3594664,32104,1160,3594664,31618,1046,3410928,Loggerhead
137205,Globe,A,3594664,32104,1160,3142683,31616,1046,3040979,Loggerhead
137205,Globe,A fit region,3594664,32104,1160,3370097,31616,1046,3223327,Loggerhead
137205,Globe,B 150 km,3594664,32104,1160,3200369,31948,1160,3112018,Loggerhead
137205,Globe,B 250 km,3594664,32104,1160,4087695,31948,1160,3922526,Loggerhead
137205,Globe,B 400 km,3594664,32104,1160,5086338,31948,1160,4824185,Loggerhead
137205,Globe,C,3594664,32104,1160,754660,32104,187,753297,Loggerhead
137205,Globe,D,3594664,32104,1160,3009078,32104,936,2893226,Loggerhead
137205,Globe,E,3594664,32104,1160,2961802,32104,936,2846856,Loggerhead
137205,Globe,E mega,3594664,32104,1160,2961802,32104,936,2846856,Loggerhead
137205,Globe,E no guard,3594664,32104,1160,2915480,32104,924,2800539,Loggerhead
137205,PA Alaska,P10,55377,0,0,55377,0,0,53078,Loggerhead
137205,PA Alaska,A,55377,0,0,0,0,0,0,Loggerhead
137205,PA Alaska,A fit region,55377,0,0,52227,0,0,51195,Loggerhead
137205,PA Alaska,B 150 km,55377,0,0,0,0,0,0,Loggerhead
137205,PA Alaska,B 250 km,55377,0,0,0,0,0,0,Loggerhead
137205,PA Alaska,B 400 km,55377,0,0,0,0,0,0,Loggerhead
137205,PA Alaska,C,55377,0,0,0,0,0,0,Loggerhead
137205,PA Alaska,D,55377,0,0,47261,0,0,46370,Loggerhead
137205,PA Alaska,E,55377,0,0,0,0,0,0,Loggerhead
137205,PA Alaska,E mega,55377,0,0,0,0,0,0,Loggerhead
137205,PA Alaska,E no guard,55377,0,0,0,0,0,0,Loggerhead
137205,PA Gulf,P10,17151,13559,7,17151,13517,7,17151,Loggerhead
137205,PA Gulf,A,17151,13559,7,17150,13517,7,17150,Loggerhead
137205,PA Gulf,A fit region,17151,13559,7,17150,13517,7,17150,Loggerhead
137205,PA Gulf,B 150 km,17151,13559,7,17247,13559,7,17247,Loggerhead
137205,PA Gulf,B 250 km,17151,13559,7,17247,13559,7,17247,Loggerhead
137205,PA Gulf,B 400 km,17151,13559,7,17247,13559,7,17247,Loggerhead
137205,PA Gulf,C,17151,13559,7,14494,13559,6,14494,Loggerhead
137205,PA Gulf,D,17151,13559,7,17038,13559,7,17038,Loggerhead
137205,PA Gulf,E,17151,13559,7,17038,13559,7,17038,Loggerhead
137205,PA Gulf,E mega,17151,13559,7,17038,13559,7,17038,Loggerhead
137205,PA Gulf,E no guard,17151,13559,7,17038,13559,7,17038,Loggerhead
137205,PA Pacific,P10,12851,0,3,12851,0,3,12851,Loggerhead
137205,PA Pacific,A,12851,0,3,12795,0,3,12795,Loggerhead
137205,PA Pacific,A fit region,12851,0,3,12795,0,3,12795,Loggerhead
137205,PA Pacific,B 150 km,12851,0,3,11692,0,3,11692,Loggerhead
137205,PA Pacific,B 250 km,12851,0,3,17691,0,3,17691,Loggerhead
137205,PA Pacific,B 400 km,12851,0,3,24369,0,3,24369,Loggerhead
137205,PA Pacific,C,12851,0,3,1715,0,0,1715,Loggerhead
137205,PA Pacific,D,12851,0,3,9550,0,2,9550,Loggerhead
137205,PA Pacific,E,12851,0,3,9550,0,2,9550,Loggerhead
137205,PA Pacific,E mega,12851,0,3,9550,0,2,9550,Loggerhead
137205,PA Pacific,E no guard,12851,0,3,0,0,0,0,Loggerhead
137206,EEZ Alaska,P10,296,0,0,296,0,0,240,Green
137206,EEZ Alaska,A,296,0,0,0,0,0,0,Green
137206,EEZ Alaska,A fit region,296,0,0,0,0,0,0,Green
137206,EEZ Alaska,B 150 km,296,0,0,243,0,0,243,Green
137206,EEZ Alaska,B 250 km,296,0,0,670,0,0,670,Green
137206,EEZ Alaska,B 400 km,296,0,0,2798,0,0,2798,Green
137206,EEZ Alaska,C,296,0,0,0,0,0,0,Green
137206,EEZ Alaska,D,296,0,0,102,0,0,83,Green
137206,EEZ Alaska,E,296,0,0,102,0,0,83,Green
137206,EEZ Alaska,E mega,296,0,0,0,0,0,0,Green
137206,EEZ Alaska,E no guard,296,0,0,102,0,0,83,Green
137206,EEZ Atlantic,P10,33188,16895,346,33188,9584,339,33184,Green
137206,EEZ Atlantic,A,33188,16895,346,33157,9584,339,33153,Green
137206,EEZ Atlantic,A fit region,33188,16895,346,33157,9584,339,33153,Green
137206,EEZ Atlantic,B 150 km,33188,16895,346,41806,12885,346,41802,Green
137206,EEZ Atlantic,B 250 km,33188,16895,346,47500,16756,346,47496,Green
137206,EEZ Atlantic,B 400 km,33188,16895,346,51759,16874,346,51755,Green
137206,EEZ Atlantic,C,33188,16895,346,25902,16895,264,25894,Green
137206,EEZ Atlantic,D,33188,16895,346,39699,16895,341,39691,Green
137206,EEZ Atlantic,E,33188,16895,346,39699,16895,341,39691,Green
137206,EEZ Atlantic,E mega,33188,16895,346,39699,16895,341,39691,Green
137206,EEZ Atlantic,E no guard,33188,16895,346,39699,16895,341,39691,Green
137206,EEZ Gulf,P10,23277,23120,75,23277,22467,75,23277,Green
137206,EEZ Gulf,A,23277,23120,75,23276,22466,75,23276,Green
137206,EEZ Gulf,A fit region,23277,23120,75,23276,22466,75,23276,Green
137206,EEZ Gulf,B 150 km,23277,23120,75,23405,22542,75,23405,Green
137206,EEZ Gulf,B 250 km,23277,23120,75,23983,23120,75,23983,Green
137206,EEZ Gulf,B 400 km,23277,23120,75,23983,23120,75,23983,Green
137206,EEZ Gulf,C,23277,23120,75,23361,23120,75,23361,Green
137206,EEZ Gulf,D,23277,23120,75,23747,23120,75,23747,Green
137206,EEZ Gulf,E,23277,23120,75,23747,23120,75,23747,Green
137206,EEZ Gulf,E mega,23277,23120,75,23747,23120,75,23747,Green
137206,EEZ Gulf,E no guard,23277,23120,75,23747,23120,75,23747,Green
137206,EEZ Pacific,P10,13655,610,104,13655,428,82,13637,Green
137206,EEZ Pacific,A,13655,610,104,10315,392,82,10297,Green
137206,EEZ Pacific,A fit region,13655,610,104,10377,401,82,10359,Green
137206,EEZ Pacific,B 150 km,13655,610,104,53860,412,104,53842,Green
137206,EEZ Pacific,B 250 km,13655,610,104,102671,421,104,102653,Green
137206,EEZ Pacific,B 400 km,13655,610,104,172708,426,104,172690,Green
137206,EEZ Pacific,C,13655,610,104,7976,610,75,7923,Green
137206,EEZ Pacific,D,13655,610,104,12206,610,81,12153,Green
137206,EEZ Pacific,E,13655,610,104,12206,610,81,12153,Green
137206,EEZ Pacific,E mega,13655,610,104,12206,610,81,12153,Green
137206,EEZ Pacific,E no guard,13655,610,104,610,610,20,557,Green
137206,Globe,P10,1330597,43462,5913,1330597,34378,5344,1274078,Green
137206,Globe,A,1330597,43462,5913,1249635,34341,5344,1217362,Green
137206,Globe,A fit region,1330597,43462,5913,1262828,34350,5344,1221661,Green
137206,Globe,B 150 km,1330597,43462,5913,1922933,37737,5913,1771494,Green
137206,Globe,B 250 km,1330597,43462,5913,2960664,42198,5913,2705193,Green
137206,Globe,B 400 km,1330597,43462,5913,4309457,42322,5913,3886293,Green
137206,Globe,C,1330597,43462,5913,707207,43462,3116,706764,Green
137206,Globe,D,1330597,43462,5913,1224347,43462,5213,1180362,Green
137206,Globe,E,1330597,43462,5913,1224347,43462,5213,1180362,Green
137206,Globe,E mega,1330597,43462,5913,1224245,43462,5213,1180279,Green
137206,Globe,E no guard,1330597,43462,5913,1212751,43462,5152,1168766,Green
137206,PA Alaska,P10,295,0,0,295,0,0,240,Green
137206,PA Alaska,A,295,0,0,0,0,0,0,Green
137206,PA Alaska,A fit region,295,0,0,0,0,0,0,Green
137206,PA Alaska,B 150 km,295,0,0,243,0,0,243,Green
137206,PA Alaska,B 250 km,295,0,0,670,0,0,670,Green
137206,PA Alaska,B 400 km,295,0,0,2798,0,0,2798,Green
137206,PA Alaska,C,295,0,0,0,0,0,0,Green
137206,PA Alaska,D,295,0,0,102,0,0,83,Green
137206,PA Alaska,E,295,0,0,102,0,0,83,Green
137206,PA Alaska,E mega,295,0,0,0,0,0,0,Green
137206,PA Alaska,E no guard,295,0,0,102,0,0,83,Green
137206,PA Gulf,P10,16674,16384,26,16674,15864,26,16674,Green
137206,PA Gulf,A,16674,16384,26,16673,15863,26,16673,Green
137206,PA Gulf,A fit region,16674,16384,26,16673,15863,26,16673,Green
137206,PA Gulf,B 150 km,16674,16384,26,16669,15806,26,16669,Green
137206,PA Gulf,B 250 km,16674,16384,26,17247,16384,26,17247,Green
137206,PA Gulf,B 400 km,16674,16384,26,17247,16384,26,17247,Green
137206,PA Gulf,C,16674,16384,26,16625,16384,26,16625,Green
137206,PA Gulf,D,16674,16384,26,17011,16384,26,17011,Green
137206,PA Gulf,E,16674,16384,26,17011,16384,26,17011,Green
137206,PA Gulf,E mega,16674,16384,26,17011,16384,26,17011,Green
137206,PA Gulf,E no guard,16674,16384,26,17011,16384,26,17011,Green
137206,PA Pacific,P10,4671,30,15,4671,30,15,4671,Green
137206,PA Pacific,A,4671,30,15,4610,30,15,4610,Green
137206,PA Pacific,A fit region,4671,30,15,4610,30,15,4610,Green
137206,PA Pacific,B 150 km,4671,30,15,7131,30,15,7131,Green
137206,PA Pacific,B 250 km,4671,30,15,13481,30,15,13481,Green
137206,PA Pacific,B 400 km,4671,30,15,22142,30,15,22142,Green
137206,PA Pacific,C,4671,30,15,30,30,3,30,Green
137206,PA Pacific,D,4671,30,15,4103,30,14,4103,Green
137206,PA Pacific,E,4671,30,15,4103,30,14,4103,Green
137206,PA Pacific,E mega,4671,30,15,4103,30,14,4103,Green
137206,PA Pacific,E no guard,4671,30,15,30,30,3,30,Green
137207,EEZ Alaska,P10,21,0,0,21,0,0,0,Hawksbill
137207,EEZ Alaska,A,21,0,0,0,0,0,0,Hawksbill
137207,EEZ Alaska,A fit region,21,0,0,0,0,0,0,Hawksbill
137207,EEZ Alaska,B 150 km,21,0,0,0,0,0,0,Hawksbill
137207,EEZ Alaska,B 250 km,21,0,0,0,0,0,0,Hawksbill
137207,EEZ Alaska,B 400 km,21,0,0,0,0,0,0,Hawksbill
137207,EEZ Alaska,C,21,0,0,0,0,0,0,Hawksbill
137207,EEZ Alaska,D,21,0,0,7,0,0,0,Hawksbill
137207,EEZ Alaska,E,21,0,0,7,0,0,0,Hawksbill
137207,EEZ Alaska,E mega,21,0,0,7,0,0,0,Hawksbill
137207,EEZ Alaska,E no guard,21,0,0,7,0,0,0,Hawksbill
137207,EEZ Atlantic,P10,13352,22,71,13352,20,66,13352,Hawksbill
137207,EEZ Atlantic,A,13352,22,71,13198,20,66,13198,Hawksbill
137207,EEZ Atlantic,A fit region,13352,22,71,13164,20,66,13164,Hawksbill
137207,EEZ Atlantic,B 150 km,13352,22,71,29954,20,71,29954,Hawksbill
137207,EEZ Atlantic,B 250 km,13352,22,71,42855,20,71,42855,Hawksbill
137207,EEZ Atlantic,B 400 km,13352,22,71,50232,20,71,50232,Hawksbill
137207,EEZ Atlantic,C,13352,22,71,11082,22,39,11082,Hawksbill
137207,EEZ Atlantic,D,13352,22,71,11651,22,61,11651,Hawksbill
137207,EEZ Atlantic,E,13352,22,71,11651,22,61,11651,Hawksbill
137207,EEZ Atlantic,E mega,13352,22,71,11651,22,61,11651,Hawksbill
137207,EEZ Atlantic,E no guard,13352,22,71,11643,22,61,11643,Hawksbill
137207,EEZ Gulf,P10,11586,0,10,11586,0,7,11586,Hawksbill
137207,EEZ Gulf,A,11586,0,10,11501,0,7,11501,Hawksbill
137207,EEZ Gulf,A fit region,11586,0,10,11501,0,7,11501,Hawksbill
137207,EEZ Gulf,B 150 km,11586,0,10,17409,0,10,17409,Hawksbill
137207,EEZ Gulf,B 250 km,11586,0,10,23869,0,10,23869,Hawksbill
137207,EEZ Gulf,B 400 km,11586,0,10,23983,0,10,23983,Hawksbill
137207,EEZ Gulf,C,11586,0,10,12565,0,6,12565,Hawksbill
137207,EEZ Gulf,D,11586,0,10,10784,0,7,10784,Hawksbill
137207,EEZ Gulf,E,11586,0,10,10784,0,7,10784,Hawksbill
137207,EEZ Gulf,E mega,11586,0,10,10784,0,7,10784,Hawksbill
137207,EEZ Gulf,E no guard,11586,0,10,0,0,0,0,Hawksbill
137207,EEZ Pacific,P10,3460,0,28,3460,0,22,3460,Hawksbill
137207,EEZ Pacific,A,3460,0,28,1611,0,22,1611,Hawksbill
137207,EEZ Pacific,A fit region,3460,0,28,1643,0,22,1643,Hawksbill
137207,EEZ Pacific,B 150 km,3460,0,28,25231,0,28,25231,Hawksbill
137207,EEZ Pacific,B 250 km,3460,0,28,53302,0,28,53302,Hawksbill
137207,EEZ Pacific,B 400 km,3460,0,28,94624,0,28,94624,Hawksbill
137207,EEZ Pacific,C,3460,0,28,8975,0,25,8975,Hawksbill
137207,EEZ Pacific,D,3460,0,28,2773,0,22,2773,Hawksbill
137207,EEZ Pacific,E,3460,0,28,2773,0,22,2773,Hawksbill
137207,EEZ Pacific,E mega,3460,0,28,2773,0,22,2773,Hawksbill
137207,EEZ Pacific,E no guard,3460,0,28,0,0,0,0,Hawksbill
137207,Globe,P10,658683,22,2130,658683,20,1917,652110,Hawksbill
137207,Globe,A,658683,22,2130,578837,20,1917,578149,Hawksbill
137207,Globe,A fit region,658683,22,2130,579616,20,1917,578792,Hawksbill
137207,Globe,B 150 km,658683,22,2130,1093762,20,2130,1090651,Hawksbill
137207,Globe,B 250 km,658683,22,2130,1964919,20,2130,1955443,Hawksbill
137207,Globe,B 400 km,658683,22,2130,3146800,20,2130,3122391,Hawksbill
137207,Globe,C,658683,22,2130,716087,22,1368,715745,Hawksbill
137207,Globe,D,658683,22,2130,599803,22,1880,595491,Hawksbill
137207,Globe,E,658683,22,2130,599803,22,1880,595491,Hawksbill
137207,Globe,E mega,658683,22,2130,599803,22,1880,595491,Hawksbill
137207,Globe,E no guard,658683,22,2130,586246,22,1851,581934,Hawksbill
137207,PA Alaska,P10,21,0,0,21,0,0,0,Hawksbill
137207,PA Alaska,A,21,0,0,0,0,0,0,Hawksbill
137207,PA Alaska,A fit region,21,0,0,0,0,0,0,Hawksbill
137207,PA Alaska,B 150 km,21,0,0,0,0,0,0,Hawksbill
137207,PA Alaska,B 250 km,21,0,0,0,0,0,0,Hawksbill
137207,PA Alaska,B 400 km,21,0,0,0,0,0,0,Hawksbill
137207,PA Alaska,C,21,0,0,0,0,0,0,Hawksbill
137207,PA Alaska,D,21,0,0,7,0,0,0,Hawksbill
137207,PA Alaska,E,21,0,0,7,0,0,0,Hawksbill
137207,PA Alaska,E mega,21,0,0,7,0,0,0,Hawksbill
137207,PA Alaska,E no guard,21,0,0,7,0,0,0,Hawksbill
137207,PA Gulf,P10,5986,0,6,5986,0,3,5986,Hawksbill
137207,PA Gulf,A,5986,0,6,5926,0,3,5926,Hawksbill
137207,PA Gulf,A fit region,5986,0,6,5926,0,3,5926,Hawksbill
137207,PA Gulf,B 150 km,5986,0,6,12079,0,6,12079,Hawksbill
137207,PA Gulf,B 250 km,5986,0,6,17142,0,6,17142,Hawksbill
137207,PA Gulf,B 400 km,5986,0,6,17247,0,6,17247,Hawksbill
137207,PA Gulf,C,5986,0,6,6401,0,2,6401,Hawksbill
137207,PA Gulf,D,5986,0,6,5356,0,3,5356,Hawksbill
137207,PA Gulf,E,5986,0,6,5356,0,3,5356,Hawksbill
137207,PA Gulf,E mega,5986,0,6,5356,0,3,5356,Hawksbill
137207,PA Gulf,E no guard,5986,0,6,0,0,0,0,Hawksbill
137207,PA Pacific,P10,270,0,1,270,0,0,270,Hawksbill
137207,PA Pacific,A,270,0,1,0,0,0,0,Hawksbill
137207,PA Pacific,A fit region,270,0,1,0,0,0,0,Hawksbill
137207,PA Pacific,B 150 km,270,0,1,1805,0,1,1805,Hawksbill
137207,PA Pacific,B 250 km,270,0,1,4081,0,1,4081,Hawksbill
137207,PA Pacific,B 400 km,270,0,1,7808,0,1,7808,Hawksbill
137207,PA Pacific,C,270,0,1,0,0,0,0,Hawksbill
137207,PA Pacific,D,270,0,1,114,0,0,114,Hawksbill
137207,PA Pacific,E,270,0,1,114,0,0,114,Hawksbill
137207,PA Pacific,E mega,270,0,1,114,0,0,114,Hawksbill
137207,PA Pacific,E no guard,270,0,1,0,0,0,0,Hawksbill
137208,EEZ Alaska,P10,11,0,0,11,0,0,0,Kemp's ridley
137208,EEZ Alaska,A,11,0,0,0,0,0,0,Kemp's ridley
137208,EEZ Alaska,A fit region,11,0,0,0,0,0,0,Kemp's ridley
137208,EEZ Alaska,B 150 km,11,0,0,0,0,0,0,Kemp's ridley
137208,EEZ Alaska,B 250 km,11,0,0,0,0,0,0,Kemp's ridley
137208,EEZ Alaska,B 400 km,11,0,0,0,0,0,0,Kemp's ridley
137208,EEZ Alaska,C,11,0,0,0,0,0,0,Kemp's ridley
137208,EEZ Alaska,D,11,0,0,5,0,0,0,Kemp's ridley
137208,EEZ Alaska,E,11,0,0,5,0,0,0,Kemp's ridley
137208,EEZ Alaska,E mega,11,0,0,5,0,0,0,Kemp's ridley
137208,EEZ Alaska,E no guard,11,0,0,5,0,0,0,Kemp's ridley
137208,EEZ Atlantic,P10,13711,0,448,13711,0,411,13623,Kemp's ridley
137208,EEZ Atlantic,A,13711,0,448,13667,0,411,13623,Kemp's ridley
137208,EEZ Atlantic,A fit region,13711,0,448,13707,0,411,13623,Kemp's ridley
137208,EEZ Atlantic,B 150 km,13711,0,448,35419,0,448,34018,Kemp's ridley
137208,EEZ Atlantic,B 250 km,13711,0,448,42823,0,448,40516,Kemp's ridley
137208,EEZ Atlantic,B 400 km,13711,0,448,44144,0,448,41837,Kemp's ridley
137208,EEZ Atlantic,C,13711,0,448,14096,0,361,14062,Kemp's ridley
137208,EEZ Atlantic,D,13711,0,448,12172,0,395,12112,Kemp's ridley
137208,EEZ Atlantic,E,13711,0,448,12172,0,395,12112,Kemp's ridley
137208,EEZ Atlantic,E mega,13711,0,448,12172,0,395,12112,Kemp's ridley
137208,EEZ Atlantic,E no guard,13711,0,448,12172,0,395,12112,Kemp's ridley
137208,EEZ Gulf,P10,9149,0,232,9149,0,225,9149,Kemp's ridley
137208,EEZ Gulf,A,9149,0,232,9135,0,225,9135,Kemp's ridley
137208,EEZ Gulf,A fit region,9149,0,232,9135,0,225,9135,Kemp's ridley
137208,EEZ Gulf,B 150 km,9149,0,232,18475,0,232,18475,Kemp's ridley
137208,EEZ Gulf,B 250 km,9149,0,232,22351,0,232,22351,Kemp's ridley
137208,EEZ Gulf,B 400 km,9149,0,232,23350,0,232,23350,Kemp's ridley
137208,EEZ Gulf,C,9149,0,232,11831,0,226,11831,Kemp's ridley
137208,EEZ Gulf,D,9149,0,232,8803,0,224,8803,Kemp's ridley
137208,EEZ Gulf,E,9149,0,232,8803,0,224,8803,Kemp's ridley
137208,EEZ Gulf,E mega,9149,0,232,8803,0,224,8803,Kemp's ridley
137208,EEZ Gulf,E no guard,9149,0,232,8803,0,224,8803,Kemp's ridley
137208,EEZ Pacific,P10,117,0,0,117,0,0,0,Kemp's ridley
137208,EEZ Pacific,A,117,0,0,0,0,0,0,Kemp's ridley
137208,EEZ Pacific,A fit region,117,0,0,0,0,0,0,Kemp's ridley
137208,EEZ Pacific,B 150 km,117,0,0,0,0,0,0,Kemp's ridley
137208,EEZ Pacific,B 250 km,117,0,0,0,0,0,0,Kemp's ridley
137208,EEZ Pacific,B 400 km,117,0,0,0,0,0,0,Kemp's ridley
137208,EEZ Pacific,C,117,0,0,0,0,0,0,Kemp's ridley
137208,EEZ Pacific,D,117,0,0,113,0,0,0,Kemp's ridley
137208,EEZ Pacific,E,117,0,0,113,0,0,0,Kemp's ridley
137208,EEZ Pacific,E mega,117,0,0,113,0,0,0,Kemp's ridley
137208,EEZ Pacific,E no guard,117,0,0,113,0,0,0,Kemp's ridley
137208,Globe,P10,177658,0,1108,177658,0,1000,48472,Kemp's ridley
137208,Globe,A,177658,0,1108,54868,0,1000,47449,Kemp's ridley
137208,Globe,A fit region,177658,0,1108,63382,0,1000,47498,Kemp's ridley
137208,Globe,B 150 km,177658,0,1108,183308,0,1104,142627,Kemp's ridley
137208,Globe,B 250 km,177658,0,1108,285058,0,1104,205674,Kemp's ridley
137208,Globe,B 400 km,177658,0,1108,393485,0,1104,255434,Kemp's ridley
137208,Globe,C,177658,0,1108,76340,0,859,73665,Kemp's ridley
137208,Globe,D,177658,0,1108,159022,0,969,41091,Kemp's ridley
137208,Globe,E,177658,0,1108,159022,0,969,41091,Kemp's ridley
137208,Globe,E mega,177658,0,1108,159022,0,969,41091,Kemp's ridley
137208,Globe,E no guard,177658,0,1108,159022,0,969,41091,Kemp's ridley
137208,PA Alaska,P10,3,0,0,3,0,0,0,Kemp's ridley
137208,PA Alaska,A,3,0,0,0,0,0,0,Kemp's ridley
137208,PA Alaska,A fit region,3,0,0,0,0,0,0,Kemp's ridley
137208,PA Alaska,B 150 km,3,0,0,0,0,0,0,Kemp's ridley
137208,PA Alaska,B 250 km,3,0,0,0,0,0,0,Kemp's ridley
137208,PA Alaska,B 400 km,3,0,0,0,0,0,0,Kemp's ridley
137208,PA Alaska,C,3,0,0,0,0,0,0,Kemp's ridley
137208,PA Alaska,D,3,0,0,2,0,0,0,Kemp's ridley
137208,PA Alaska,E,3,0,0,2,0,0,0,Kemp's ridley
137208,PA Alaska,E mega,3,0,0,2,0,0,0,Kemp's ridley
137208,PA Alaska,E no guard,3,0,0,2,0,0,0,Kemp's ridley
137208,PA Gulf,P10,4680,0,180,4680,0,174,4680,Kemp's ridley
137208,PA Gulf,A,4680,0,180,4680,0,174,4680,Kemp's ridley
137208,PA Gulf,A fit region,4680,0,180,4680,0,174,4680,Kemp's ridley
137208,PA Gulf,B 150 km,4680,0,180,11864,0,180,11864,Kemp's ridley
137208,PA Gulf,B 250 km,4680,0,180,15628,0,180,15628,Kemp's ridley
137208,PA Gulf,B 400 km,4680,0,180,16627,0,180,16627,Kemp's ridley
137208,PA Gulf,C,4680,0,180,5970,0,174,5970,Kemp's ridley
137208,PA Gulf,D,4680,0,180,4555,0,174,4555,Kemp's ridley
137208,PA Gulf,E,4680,0,180,4555,0,174,4555,Kemp's ridley
137208,PA Gulf,E mega,4680,0,180,4555,0,174,4555,Kemp's ridley
137208,PA Gulf,E no guard,4680,0,180,4555,0,174,4555,Kemp's ridley
137208,PA Pacific,P10,2,0,0,2,0,0,0,Kemp's ridley
137208,PA Pacific,A,2,0,0,0,0,0,0,Kemp's ridley
137208,PA Pacific,A fit region,2,0,0,0,0,0,0,Kemp's ridley
137208,PA Pacific,B 150 km,2,0,0,0,0,0,0,Kemp's ridley
137208,PA Pacific,B 250 km,2,0,0,0,0,0,0,Kemp's ridley
137208,PA Pacific,B 400 km,2,0,0,0,0,0,0,Kemp's ridley
137208,PA Pacific,C,2,0,0,0,0,0,0,Kemp's ridley
137208,PA Pacific,D,2,0,0,1,0,0,0,Kemp's ridley
137208,PA Pacific,E,2,0,0,1,0,0,0,Kemp's ridley
137208,PA Pacific,E mega,2,0,0,1,0,0,0,Kemp's ridley
137208,PA Pacific,E no guard,2,0,0,1,0,0,0,Kemp's ridley
137209,EEZ Alaska,P10,20,0,1,20,0,0,20,Leatherback
137209,EEZ Alaska,A,20,0,1,0,0,0,0,Leatherback
137209,EEZ Alaska,A fit region,20,0,1,0,0,0,0,Leatherback
137209,EEZ Alaska,B 150 km,20,0,1,2084,0,1,2084,Leatherback
137209,EEZ Alaska,B 250 km,20,0,1,4491,0,1,4491,Leatherback
137209,EEZ Alaska,B 400 km,20,0,1,9028,0,1,9028,Leatherback
137209,EEZ Alaska,C,20,0,1,8518,0,0,8518,Leatherback
137209,EEZ Alaska,D,20,0,1,12,0,0,12,Leatherback
137209,EEZ Alaska,E,20,0,1,12,0,0,12,Leatherback
137209,EEZ Alaska,E mega,20,0,1,12,0,0,12,Leatherback
137209,EEZ Alaska,E no guard,20,0,1,12,0,0,12,Leatherback
137209,EEZ Atlantic,P10,45340,7,365,45340,6,357,45336,Leatherback
137209,EEZ Atlantic,A,45340,7,365,45333,6,357,45329,Leatherback
137209,EEZ Atlantic,A fit region,45340,7,365,45333,6,357,45329,Leatherback
137209,EEZ Atlantic,B 150 km,45340,7,365,49396,6,365,49392,Leatherback
137209,EEZ Atlantic,B 250 km,45340,7,365,52353,6,365,52349,Leatherback
137209,EEZ Atlantic,B 400 km,45340,7,365,52357,6,365,52353,Leatherback
137209,EEZ Atlantic,C,45340,7,365,52321,7,365,52317,Leatherback
137209,EEZ Atlantic,D,45340,7,365,43093,7,351,43089,Leatherback
137209,EEZ Atlantic,E,45340,7,365,43093,7,351,43089,Leatherback
137209,EEZ Atlantic,E mega,45340,7,365,43093,7,351,43089,Leatherback
137209,EEZ Atlantic,E no guard,45340,7,365,43093,7,351,43089,Leatherback
137209,EEZ Gulf,P10,23676,0,181,23676,0,181,23676,Leatherback
137209,EEZ Gulf,A,23676,0,181,23676,0,181,23676,Leatherback
137209,EEZ Gulf,A fit region,23676,0,181,23676,0,181,23676,Leatherback
137209,EEZ Gulf,B 150 km,23676,0,181,23978,0,181,23978,Leatherback
137209,EEZ Gulf,B 250 km,23676,0,181,23983,0,181,23983,Leatherback
137209,EEZ Gulf,B 400 km,23676,0,181,23983,0,181,23983,Leatherback
137209,EEZ Gulf,C,23676,0,181,23983,0,181,23983,Leatherback
137209,EEZ Gulf,D,23676,0,181,23083,0,181,23083,Leatherback
137209,EEZ Gulf,E,23676,0,181,23083,0,181,23083,Leatherback
137209,EEZ Gulf,E mega,23676,0,181,23083,0,181,23083,Leatherback
137209,EEZ Gulf,E no guard,23676,0,181,23083,0,181,23083,Leatherback
137209,EEZ Pacific,P10,48132,4795,257,48132,3622,180,43973,Leatherback
137209,EEZ Pacific,A,48132,4795,257,45842,3622,180,41717,Leatherback
137209,EEZ Pacific,A fit region,48132,4795,257,45681,3622,180,41556,Leatherback
137209,EEZ Pacific,B 150 km,48132,4795,257,161231,4795,257,155356,Leatherback
137209,EEZ Pacific,B 250 km,48132,4795,257,193080,4795,257,187183,Leatherback
137209,EEZ Pacific,B 400 km,48132,4795,257,211150,4795,257,205197,Leatherback
137209,EEZ Pacific,C,48132,4795,257,237668,4795,257,231733,Leatherback
137209,EEZ Pacific,D,48132,4795,257,32298,4795,122,29267,Leatherback
137209,EEZ Pacific,E,48132,4795,257,32298,4795,122,29267,Leatherback
137209,EEZ Pacific,E mega,48132,4795,257,32298,4795,122,29267,Leatherback
137209,EEZ Pacific,E no guard,48132,4795,257,32298,4795,122,29267,Leatherback
137209,Globe,P10,3077773,5192,7600,3077773,3785,6858,2735689,Leatherback
137209,Globe,A,3077773,5192,7600,2875004,3785,6858,2609326,Leatherback
137209,Globe,A fit region,3077773,5192,7600,2894486,3785,6858,2624298,Leatherback
137209,Globe,B 150 km,3077773,5192,7600,3907553,5033,7600,3576470,Leatherback
137209,Globe,B 250 km,3077773,5192,7600,4983070,5033,7600,4507526,Leatherback
137209,Globe,B 400 km,3077773,5192,7600,6087010,5033,7600,5410513,Leatherback
137209,Globe,C,3077773,5192,7600,10282255,5192,7538,7238317,Leatherback
137209,Globe,D,3077773,5192,7600,2475578,5192,6090,2210084,Leatherback
137209,Globe,E,3077773,5192,7600,2475578,5192,6090,2210084,Leatherback
137209,Globe,E mega,3077773,5192,7600,2475578,5192,6090,2210084,Leatherback
137209,Globe,E no guard,3077773,5192,7600,2475578,5192,6090,2210084,Leatherback
137209,PA Alaska,P10,20,0,1,20,0,0,20,Leatherback
137209,PA Alaska,A,20,0,1,0,0,0,0,Leatherback
137209,PA Alaska,A fit region,20,0,1,0,0,0,0,Leatherback
137209,PA Alaska,B 150 km,20,0,1,2084,0,1,2084,Leatherback
137209,PA Alaska,B 250 km,20,0,1,4491,0,1,4491,Leatherback
137209,PA Alaska,B 400 km,20,0,1,9028,0,1,9028,Leatherback
137209,PA Alaska,C,20,0,1,8518,0,0,8518,Leatherback
137209,PA Alaska,D,20,0,1,12,0,0,12,Leatherback
137209,PA Alaska,E,20,0,1,12,0,0,12,Leatherback
137209,PA Alaska,E mega,20,0,1,12,0,0,12,Leatherback
137209,PA Alaska,E no guard,20,0,1,12,0,0,12,Leatherback
137209,PA Gulf,P10,16977,0,138,16977,0,138,16977,Leatherback
137209,PA Gulf,A,16977,0,138,16977,0,138,16977,Leatherback
137209,PA Gulf,A fit region,16977,0,138,16977,0,138,16977,Leatherback
137209,PA Gulf,B 150 km,16977,0,138,17242,0,138,17242,Leatherback
137209,PA Gulf,B 250 km,16977,0,138,17247,0,138,17247,Leatherback
137209,PA Gulf,B 400 km,16977,0,138,17247,0,138,17247,Leatherback
137209,PA Gulf,C,16977,0,138,17247,0,138,17247,Leatherback
137209,PA Gulf,D,16977,0,138,16610,0,138,16610,Leatherback
137209,PA Gulf,E,16977,0,138,16610,0,138,16610,Leatherback
137209,PA Gulf,E mega,16977,0,138,16610,0,138,16610,Leatherback
137209,PA Gulf,E no guard,16977,0,138,16610,0,138,16610,Leatherback
137209,PA Pacific,P10,15468,1771,63,15468,1659,49,11325,Leatherback
137209,PA Pacific,A,15468,1771,63,15436,1659,49,11325,Leatherback
137209,PA Pacific,A fit region,15468,1771,63,15436,1659,49,11325,Leatherback
137209,PA Pacific,B 150 km,15468,1771,63,24369,1771,63,18557,Leatherback
137209,PA Pacific,B 250 km,15468,1771,63,24369,1771,63,18557,Leatherback
137209,PA Pacific,B 400 km,15468,1771,63,24369,1771,63,18557,Leatherback
137209,PA Pacific,C,15468,1771,63,24355,1771,63,18543,Leatherback
137209,PA Pacific,D,15468,1771,63,10299,1771,40,7283,Leatherback
137209,PA Pacific,E,15468,1771,63,10299,1771,40,7283,Leatherback
137209,PA Pacific,E mega,15468,1771,63,10299,1771,40,7283,Leatherback
137209,PA Pacific,E no guard,15468,1771,63,10299,1771,40,7283,Leatherback
159023,EEZ Alaska,P10,387,0,0,387,0,0,0,North Atlantic right whale
159023,EEZ Alaska,A,387,0,0,0,0,0,0,North Atlantic right whale
159023,EEZ Alaska,A fit region,387,0,0,0,0,0,0,North Atlantic right whale
159023,EEZ Alaska,B 150 km,387,0,0,0,0,0,0,North Atlantic right whale
159023,EEZ Alaska,B 250 km,387,0,0,0,0,0,0,North Atlantic right whale
159023,EEZ Alaska,B 400 km,387,0,0,0,0,0,0,North Atlantic right whale
159023,EEZ Alaska,C,387,0,0,0,0,0,0,North Atlantic right whale
159023,EEZ Alaska,D,387,0,0,39,0,0,0,North Atlantic right whale
159023,EEZ Alaska,E,387,0,0,39,0,0,0,North Atlantic right whale
159023,EEZ Alaska,E mega,387,0,0,39,0,0,0,North Atlantic right whale
159023,EEZ Alaska,E no guard,387,0,0,39,0,0,0,North Atlantic right whale
159023,EEZ Atlantic,P10,10368,4240,103,10368,3922,96,10349,North Atlantic right whale
159023,EEZ Atlantic,A,10368,4240,103,10336,3922,96,10336,North Atlantic right whale
159023,EEZ Atlantic,A fit region,10368,4240,103,10347,3922,96,10347,North Atlantic right whale
159023,EEZ Atlantic,B 150 km,10368,4240,103,26532,4240,103,26532,North Atlantic right whale
159023,EEZ Atlantic,B 250 km,10368,4240,103,32917,4240,103,32901,North Atlantic right whale
159023,EEZ Atlantic,B 400 km,10368,4240,103,36090,4240,103,35804,North Atlantic right whale
159023,EEZ Atlantic,C,10368,4240,103,17819,4240,100,17819,North Atlantic right whale
159023,EEZ Atlantic,D,10368,4240,103,9790,4240,90,9772,North Atlantic right whale
159023,EEZ Atlantic,E,10368,4240,103,9790,4240,90,9772,North Atlantic right whale
159023,EEZ Atlantic,E mega,10368,4240,103,9790,4240,90,9772,North Atlantic right whale
159023,EEZ Atlantic,E no guard,10368,4240,103,9790,4240,90,9772,North Atlantic right whale
159023,EEZ Gulf,P10,0,0,2,0,0,0,0,North Atlantic right whale
159023,EEZ Gulf,A,0,0,2,0,0,0,0,North Atlantic right whale
159023,EEZ Gulf,A fit region,0,0,2,0,0,0,0,North Atlantic right whale
159023,EEZ Gulf,B 150 km,0,0,2,6672,0,2,3856,North Atlantic right whale
159023,EEZ Gulf,B 250 km,0,0,2,15430,0,2,7698,North Atlantic right whale
159023,EEZ Gulf,B 400 km,0,0,2,22994,0,2,12009,North Atlantic right whale
159023,EEZ Gulf,C,0,0,2,4671,0,0,4671,North Atlantic right whale
159023,EEZ Gulf,D,0,0,2,0,0,0,0,North Atlantic right whale
159023,EEZ Gulf,E,0,0,2,0,0,0,0,North Atlantic right whale
159023,EEZ Gulf,E mega,0,0,2,0,0,0,0,North Atlantic right whale
159023,EEZ Gulf,E no guard,0,0,2,0,0,0,0,North Atlantic right whale
159023,EEZ Pacific,P10,167,0,0,167,0,0,0,North Atlantic right whale
159023,EEZ Pacific,A,167,0,0,0,0,0,0,North Atlantic right whale
159023,EEZ Pacific,A fit region,167,0,0,0,0,0,0,North Atlantic right whale
159023,EEZ Pacific,B 150 km,167,0,0,0,0,0,0,North Atlantic right whale
159023,EEZ Pacific,B 250 km,167,0,0,0,0,0,0,North Atlantic right whale
159023,EEZ Pacific,B 400 km,167,0,0,0,0,0,0,North Atlantic right whale
159023,EEZ Pacific,C,167,0,0,0,0,0,0,North Atlantic right whale
159023,EEZ Pacific,D,167,0,0,78,0,0,0,North Atlantic right whale
159023,EEZ Pacific,E,167,0,0,78,0,0,0,North Atlantic right whale
159023,EEZ Pacific,E mega,167,0,0,0,0,0,0,North Atlantic right whale
159023,EEZ Pacific,E no guard,167,0,0,78,0,0,0,North Atlantic right whale
159023,Globe,P10,94453,4713,289,94453,4250,261,35956,North Atlantic right whale
159023,Globe,A,94453,4713,289,38207,4250,261,35528,North Atlantic right whale
159023,Globe,A fit region,94453,4713,289,38235,4250,261,35555,North Atlantic right whale
159023,Globe,B 150 km,94453,4713,289,116598,4581,289,100627,North Atlantic right whale
159023,Globe,B 250 km,94453,4713,289,195294,4581,289,154107,North Atlantic right whale
159023,Globe,B 400 km,94453,4713,289,302685,4581,289,221381,North Atlantic right whale
159023,Globe,C,94453,4713,289,100285,4713,238,100280,North Atlantic right whale
159023,Globe,D,94453,4713,289,71752,4713,244,32051,North Atlantic right whale
159023,Globe,E,94453,4713,289,71752,4713,244,32051,North Atlantic right whale
159023,Globe,E mega,94453,4713,289,71674,4713,244,32051,North Atlantic right whale
159023,Globe,E no guard,94453,4713,289,71752,4713,244,32051,North Atlantic right whale
159023,PA Alaska,P10,197,0,0,197,0,0,0,North Atlantic right whale
159023,PA Alaska,A,197,0,0,0,0,0,0,North Atlantic right whale
159023,PA Alaska,A fit region,197,0,0,0,0,0,0,North Atlantic right whale
159023,PA Alaska,B 150 km,197,0,0,0,0,0,0,North Atlantic right whale
159023,PA Alaska,B 250 km,197,0,0,0,0,0,0,North Atlantic right whale
159023,PA Alaska,B 400 km,197,0,0,0,0,0,0,North Atlantic right whale
159023,PA Alaska,C,197,0,0,0,0,0,0,North Atlantic right whale
159023,PA Alaska,D,197,0,0,0,0,0,0,North Atlantic right whale
159023,PA Alaska,E,197,0,0,0,0,0,0,North Atlantic right whale
159023,PA Alaska,E mega,197,0,0,0,0,0,0,North Atlantic right whale
159023,PA Alaska,E no guard,197,0,0,0,0,0,0,North Atlantic right whale
159023,PA Gulf,P10,0,0,2,0,0,0,0,North Atlantic right whale
159023,PA Gulf,A,0,0,2,0,0,0,0,North Atlantic right whale
159023,PA Gulf,A fit region,0,0,2,0,0,0,0,North Atlantic right whale
159023,PA Gulf,B 150 km,0,0,2,5343,0,2,2567,North Atlantic right whale
159023,PA Gulf,B 250 km,0,0,2,11810,0,2,4889,North Atlantic right whale
159023,PA Gulf,B 400 km,0,0,2,16872,0,2,7676,North Atlantic right whale
159023,PA Gulf,C,0,0,2,2283,0,0,2283,North Atlantic right whale
159023,PA Gulf,D,0,0,2,0,0,0,0,North Atlantic right whale
159023,PA Gulf,E,0,0,2,0,0,0,0,North Atlantic right whale
159023,PA Gulf,E mega,0,0,2,0,0,0,0,North Atlantic right whale
159023,PA Gulf,E no guard,0,0,2,0,0,0,0,North Atlantic right whale
159023,PA Pacific,P10,5,0,0,5,0,0,0,North Atlantic right whale
159023,PA Pacific,A,5,0,0,0,0,0,0,North Atlantic right whale
159023,PA Pacific,A fit region,5,0,0,0,0,0,0,North Atlantic right whale
159023,PA Pacific,B 150 km,5,0,0,0,0,0,0,North Atlantic right whale
159023,PA Pacific,B 250 km,5,0,0,0,0,0,0,North Atlantic right whale
159023,PA Pacific,B 400 km,5,0,0,0,0,0,0,North Atlantic right whale
159023,PA Pacific,C,5,0,0,0,0,0,0,North Atlantic right whale
159023,PA Pacific,D,5,0,0,1,0,0,0,North Atlantic right whale
159023,PA Pacific,E,5,0,0,1,0,0,0,North Atlantic right whale
159023,PA Pacific,E mega,5,0,0,0,0,0,0,North Atlantic right whale
159023,PA Pacific,E no guard,5,0,0,1,0,0,0,North Atlantic right whale
220293,EEZ Alaska,P10,2013,0,0,2013,0,0,1074,Olive ridley
220293,EEZ Alaska,A,2013,0,0,0,0,0,0,Olive ridley
220293,EEZ Alaska,A fit region,2013,0,0,0,0,0,0,Olive ridley
220293,EEZ Alaska,B 150 km,2013,0,0,0,0,0,0,Olive ridley
220293,EEZ Alaska,B 250 km,2013,0,0,0,0,0,0,Olive ridley
220293,EEZ Alaska,B 400 km,2013,0,0,0,0,0,0,Olive ridley
220293,EEZ Alaska,C,2013,0,0,0,0,0,0,Olive ridley
220293,EEZ Alaska,D,2013,0,0,855,0,0,461,Olive ridley
220293,EEZ Alaska,E,2013,0,0,855,0,0,461,Olive ridley
220293,EEZ Alaska,E mega,2013,0,0,0,0,0,0,Olive ridley
220293,EEZ Alaska,E no guard,2013,0,0,855,0,0,461,Olive ridley
220293,EEZ Atlantic,P10,2131,0,1,2131,0,1,214,Olive ridley
220293,EEZ Atlantic,A,2131,0,1,123,0,1,0,Olive ridley
220293,EEZ Atlantic,A fit region,2131,0,1,123,0,1,0,Olive ridley
220293,EEZ Atlantic,B 150 km,2131,0,1,765,0,1,0,Olive ridley
220293,EEZ Atlantic,B 250 km,2131,0,1,1160,0,1,0,Olive ridley
220293,EEZ Atlantic,B 400 km,2131,0,1,2204,0,1,594,Olive ridley
220293,EEZ Atlantic,C,2131,0,1,5473,0,0,0,Olive ridley
220293,EEZ Atlantic,D,2131,0,1,1590,0,1,198,Olive ridley
220293,EEZ Atlantic,E,2131,0,1,0,0,0,0,Olive ridley
220293,EEZ Atlantic,E mega,2131,0,1,0,0,0,0,Olive ridley
220293,EEZ Atlantic,E no guard,2131,0,1,0,0,0,0,Olive ridley
220293,EEZ Gulf,P10,3299,0,0,3299,0,0,0,Olive ridley
220293,EEZ Gulf,A,3299,0,0,3068,0,0,0,Olive ridley
220293,EEZ Gulf,A fit region,3299,0,0,3068,0,0,0,Olive ridley
220293,EEZ Gulf,B 150 km,3299,0,0,403,0,0,0,Olive ridley
220293,EEZ Gulf,B 250 km,3299,0,0,1278,0,0,0,Olive ridley
220293,EEZ Gulf,B 400 km,3299,0,0,3486,0,0,0,Olive ridley
220293,EEZ Gulf,C,3299,0,0,7639,0,0,0,Olive ridley
220293,EEZ Gulf,D,3299,0,0,1600,0,0,0,Olive ridley
220293,EEZ Gulf,E,3299,0,0,0,0,0,0,Olive ridley
220293,EEZ Gulf,E mega,3299,0,0,0,0,0,0,Olive ridley
220293,EEZ Gulf,E no guard,3299,0,0,0,0,0,0,Olive ridley
220293,EEZ Pacific,P10,54313,0,117,54313,0,92,10309,Olive ridley
220293,EEZ Pacific,A,54313,0,117,47420,0,92,9053,Olive ridley
220293,EEZ Pacific,A fit region,54313,0,117,47487,0,92,9053,Olive ridley
220293,EEZ Pacific,B 150 km,54313,0,117,85654,0,117,15916,Olive ridley
220293,EEZ Pacific,B 250 km,54313,0,117,120436,0,117,31693,Olive ridley
220293,EEZ Pacific,B 400 km,54313,0,117,156629,0,117,46600,Olive ridley
220293,EEZ Pacific,C,54313,0,117,210,0,0,157,Olive ridley
220293,EEZ Pacific,D,54313,0,117,43028,0,84,7296,Olive ridley
220293,EEZ Pacific,E,54313,0,117,43028,0,84,7296,Olive ridley
220293,EEZ Pacific,E mega,54313,0,117,43028,0,84,7296,Olive ridley
220293,EEZ Pacific,E no guard,54313,0,117,43028,0,84,7296,Olive ridley
220293,Globe,P10,1126795,0,2016,1126795,0,1813,783969,Olive ridley
220293,Globe,A,1126795,0,2016,981694,0,1813,710565,Olive ridley
220293,Globe,A fit region,1126795,0,2016,983459,0,1813,711425,Olive ridley
220293,Globe,B 150 km,1126795,0,2016,1276683,0,2016,801212,Olive ridley
220293,Globe,B 250 km,1126795,0,2016,1962254,0,2016,1147240,Olive ridley
220293,Globe,B 400 km,1126795,0,2016,2903502,0,2016,1538857,Olive ridley
220293,Globe,C,1126795,0,2016,489245,0,619,440536,Olive ridley
220293,Globe,D,1126795,0,2016,943438,0,1701,672312,Olive ridley
220293,Globe,E,1126795,0,2016,940253,0,1700,672114,Olive ridley
220293,Globe,E mega,1126795,0,2016,939398,0,1700,671653,Olive ridley
220293,Globe,E no guard,1126795,0,2016,940253,0,1700,672114,Olive ridley
220293,PA Alaska,P10,2013,0,0,2013,0,0,1074,Olive ridley
220293,PA Alaska,A,2013,0,0,0,0,0,0,Olive ridley
220293,PA Alaska,A fit region,2013,0,0,0,0,0,0,Olive ridley
220293,PA Alaska,B 150 km,2013,0,0,0,0,0,0,Olive ridley
220293,PA Alaska,B 250 km,2013,0,0,0,0,0,0,Olive ridley
220293,PA Alaska,B 400 km,2013,0,0,0,0,0,0,Olive ridley
220293,PA Alaska,C,2013,0,0,0,0,0,0,Olive ridley
220293,PA Alaska,D,2013,0,0,855,0,0,461,Olive ridley
220293,PA Alaska,E,2013,0,0,855,0,0,461,Olive ridley
220293,PA Alaska,E mega,2013,0,0,0,0,0,0,Olive ridley
220293,PA Alaska,E no guard,2013,0,0,855,0,0,461,Olive ridley
220293,PA Gulf,P10,1371,0,0,1371,0,0,0,Olive ridley
220293,PA Gulf,A,1371,0,0,1186,0,0,0,Olive ridley
220293,PA Gulf,A fit region,1371,0,0,1186,0,0,0,Olive ridley
220293,PA Gulf,B 150 km,1371,0,0,0,0,0,0,Olive ridley
220293,PA Gulf,B 250 km,1371,0,0,0,0,0,0,Olive ridley
220293,PA Gulf,B 400 km,1371,0,0,190,0,0,0,Olive ridley
220293,PA Gulf,C,1371,0,0,4161,0,0,0,Olive ridley
220293,PA Gulf,D,1371,0,0,535,0,0,0,Olive ridley
220293,PA Gulf,E,1371,0,0,0,0,0,0,Olive ridley
220293,PA Gulf,E mega,1371,0,0,0,0,0,0,Olive ridley
220293,PA Gulf,E no guard,1371,0,0,0,0,0,0,Olive ridley
220293,PA Pacific,P10,5795,0,4,5795,0,3,5790,Olive ridley
220293,PA Pacific,A,5795,0,4,5414,0,3,5414,Olive ridley
220293,PA Pacific,A fit region,5795,0,4,5414,0,3,5414,Olive ridley
220293,PA Pacific,B 150 km,5795,0,4,9362,0,4,9362,Olive ridley
220293,PA Pacific,B 250 km,5795,0,4,16820,0,4,16820,Olive ridley
220293,PA Pacific,B 400 km,5795,0,4,23009,0,4,19456,Olive ridley
220293,PA Pacific,C,5795,0,4,0,0,0,0,Olive ridley
220293,PA Pacific,D,5795,0,4,3839,0,3,3839,Olive ridley
220293,PA Pacific,E,5795,0,4,3839,0,3,3839,Olive ridley
220293,PA Pacific,E mega,5795,0,4,3839,0,3,3839,Olive ridley
220293,PA Pacific,E no guard,5795,0,4,3839,0,3,3839,Olive ridley
