taxon,common,acro,n_init,n_fit,step,mins,total_mins,pct
137205,loggerhead,mpaeu,80012,1160,Data loading,0.006500000000000001,401.03739999999993,0
137205,loggerhead,mpaeu,80012,1160,Data preparing,3.0235,401.03739999999993,1
137205,loggerhead,mpaeu,80012,1160,Ensemble,2.973000000000013,401.03739999999993,1
137205,loggerhead,mpaeu,80012,1160,Masks,0.7584999999999695,401.03739999999993,0
137205,loggerhead,mpaeu,80012,1160,Model fit,242.96099999999998,401.03739999999993,61
137205,loggerhead,mpaeu,80012,1160,Model prediction,123.35249999999999,401.03739999999993,31
137205,loggerhead,mpaeu,80012,1160,Model selection,5.6544,401.03739999999993,1
137205,loggerhead,mpaeu,80012,1160,Post-evaluation,15.76830000000001,401.03739999999993,4
137205,loggerhead,mpaeu,80012,1160,Response curves,0.6055000000000064,401.03739999999993,0
137205,loggerhead,mpaeu,80012,1160,Sample bias assessment,0.9801000000000002,401.03739999999993,0
137205,loggerhead,mpaeu,80012,1160,Species data loading,0.0078,401.03739999999993,0
137205,loggerhead,mpaeu,80012,1160,Variable importance,4.946300000000008,401.03739999999993,1
137206,green,mpaeu,17305,5913,Data loading,0.0031999999999999997,840.8937,0
137206,green,mpaeu,17305,5913,Data preparing,2.0938000000000003,840.8937,0
137206,green,mpaeu,17305,5913,Ensemble,2.237799999999993,840.8937,0
137206,green,mpaeu,17305,5913,Masks,0.5820999999999685,840.8937,0
137206,green,mpaeu,17305,5913,Model fit,657.8539000000001,840.8937,78
137206,green,mpaeu,17305,5913,Model prediction,127.00720000000001,840.8937,15
137206,green,mpaeu,17305,5913,Model selection,5.7749,840.8937,1
137206,green,mpaeu,17305,5913,Post-evaluation,38.26940000000002,840.8937,5
137206,green,mpaeu,17305,5913,Response curves,0.4174999999999045,840.8937,0
137206,green,mpaeu,17305,5913,Sample bias assessment,1.8241999999999998,840.8937,0
137206,green,mpaeu,17305,5913,Species data loading,0.006,840.8937,0
137206,green,mpaeu,17305,5913,Variable importance,4.823700000000031,840.8937,1
137206,green,og,17305,4926,Data loading,0.0029000000000000002,212.8454,0
137206,green,og,17305,4926,Data preparing,1.3618,212.8454,1
137206,green,og,17305,4926,Ensemble,0.14059999999997785,212.8454,0
137206,green,og,17305,4926,Masks,0.2353999999999985,212.8454,0
137206,green,og,17305,4926,Model fit,180.142,212.8454,85
137206,green,og,17305,4926,Model prediction,6.596100000000007,212.8454,3
137206,green,og,17305,4926,Model selection,4.284800000000001,212.8454,2
137206,green,og,17305,4926,Post-evaluation,13.448500000000024,212.8454,6
137206,green,og,17305,4926,Response curves,0.18709999999998672,212.8454,0
137206,green,og,17305,4926,Sample bias assessment,1.4598000000000002,212.8454,1
137206,green,og,17305,4926,Species data loading,3e-4,212.8454,0
137206,green,og,17305,4926,Variable importance,4.986100000000022,212.8454,2
137207,hawksbill,mpaeu,5681,2130,Data loading,0.003000000000000001,412.5705,0
137207,hawksbill,mpaeu,5681,2130,Data preparing,2.5989,412.5705,1
137207,hawksbill,mpaeu,5681,2130,Ensemble,2.3555999999999813,412.5705,1
137207,hawksbill,mpaeu,5681,2130,Masks,0.5892000000000053,412.5705,0
137207,hawksbill,mpaeu,5681,2130,Model fit,261.6559,412.5705,63
137207,hawksbill,mpaeu,5681,2130,Model prediction,118.32480000000004,412.5705,29
137207,hawksbill,mpaeu,5681,2130,Model selection,4.3573,412.5705,1
137207,hawksbill,mpaeu,5681,2130,Post-evaluation,17.847199999999987,412.5705,4
137207,hawksbill,mpaeu,5681,2130,Response curves,0.433400000000006,412.5705,0
137207,hawksbill,mpaeu,5681,2130,Sample bias assessment,1.0022000000000002,412.5705,0
137207,hawksbill,mpaeu,5681,2130,Species data loading,0.0069,412.5705,0
137207,hawksbill,mpaeu,5681,2130,Variable importance,3.39609999999999,412.5705,1
137207,hawksbill,og,5681,2458,Data loading,0.0029,108.3283,0
137207,hawksbill,og,5681,2458,Data preparing,1.6335,108.3283,2
137207,hawksbill,og,5681,2458,Ensemble,0.1203999999999894,108.3283,0
137207,hawksbill,og,5681,2458,Masks,0.19710000000000605,108.3283,0
137207,hawksbill,og,5681,2458,Model fit,87.79870000000001,108.3283,81
137207,hawksbill,og,5681,2458,Model prediction,5.676000000000002,108.3283,5
137207,hawksbill,og,5681,2458,Model selection,2.8556000000000004,108.3283,3
137207,hawksbill,og,5681,2458,Post-evaluation,5.838499999999996,108.3283,5
137207,hawksbill,og,5681,2458,Response curves,0.21809999999999263,108.3283,0
137207,hawksbill,og,5681,2458,Sample bias assessment,0.6612999999999998,108.3283,1
137207,hawksbill,og,5681,2458,Species data loading,2e-4,108.3283,0
137207,hawksbill,og,5681,2458,Variable importance,3.3260000000000076,108.3283,3
137207,hawksbill,ogm,5681,2458,Data loading,0.0025,108.91590000000001,0
137207,hawksbill,ogm,5681,2458,Data preparing,1.3288,108.91590000000001,1
137207,hawksbill,ogm,5681,2458,Ensemble,0.12290000000000134,108.91590000000001,0
137207,hawksbill,ogm,5681,2458,Masks,0.20759999999999934,108.91590000000001,0
137207,hawksbill,ogm,5681,2458,Model fit,89.8897,108.91590000000001,83
137207,hawksbill,ogm,5681,2458,Model prediction,4.724400000000003,108.91590000000001,4
137207,hawksbill,ogm,5681,2458,Model selection,2.9307999999999996,108.91590000000001,3
137207,hawksbill,ogm,5681,2458,Post-evaluation,5.944199999999995,108.91590000000001,5
137207,hawksbill,ogm,5681,2458,Response curves,0.213799999999992,108.91590000000001,0
137207,hawksbill,ogm,5681,2458,Sample bias assessment,0.5008000000000001,108.91590000000001,0
137207,hawksbill,ogm,5681,2458,Species data loading,2e-4,108.91590000000001,0
137207,hawksbill,ogm,5681,2458,Variable importance,3.050200000000004,108.91590000000001,3
137208,kemps_ridley,mpaeu,2832,1108,Data loading,0.003400000000000001,187.1376,0
137208,kemps_ridley,mpaeu,2832,1108,Data preparing,2.0664,187.1376,1
137208,kemps_ridley,mpaeu,2832,1108,Ensemble,2.5678000000000054,187.1376,1
137208,kemps_ridley,mpaeu,2832,1108,Masks,0.8783999999999992,187.1376,0
137208,kemps_ridley,mpaeu,2832,1108,Model fit,44.477,187.1376,24
137208,kemps_ridley,mpaeu,2832,1108,Model prediction,125.80460000000002,187.1376,67
137208,kemps_ridley,mpaeu,2832,1108,Model selection,1.0071999999999997,187.1376,1
137208,kemps_ridley,mpaeu,2832,1108,Post-evaluation,8.464699999999993,187.1376,5
137208,kemps_ridley,mpaeu,2832,1108,Response curves,0.3492999999999995,187.1376,0
137208,kemps_ridley,mpaeu,2832,1108,Sample bias assessment,0.6701000000000001,187.1376,0
137208,kemps_ridley,mpaeu,2832,1108,Species data loading,0.0068,187.1376,0
137208,kemps_ridley,mpaeu,2832,1108,Variable importance,0.8418999999999812,187.1376,0
137208,kemps_ridley,og,2832,155,Data loading,0.0026999999999999997,14.9906,0
137208,kemps_ridley,og,2832,155,Data preparing,0.9674,14.9906,6
137208,kemps_ridley,og,2832,155,Ensemble,0.08860000000000134,14.9906,1
137208,kemps_ridley,og,2832,155,Masks,0.18179999999999907,14.9906,1
137208,kemps_ridley,og,2832,155,Model fit,5.863099999999999,14.9906,39
137208,kemps_ridley,og,2832,155,Model prediction,4.1138,14.9906,27
137208,kemps_ridley,og,2832,155,Model selection,0.6236999999999999,14.9906,4
137208,kemps_ridley,og,2832,155,Post-evaluation,1.781600000000001,14.9906,12
137208,kemps_ridley,og,2832,155,Response curves,0.18660000000000032,14.9906,1
137208,kemps_ridley,og,2832,155,Sample bias assessment,0.49009999999999987,14.9906,3
137208,kemps_ridley,og,2832,155,Species data loading,2e-4,14.9906,0
137208,kemps_ridley,og,2832,155,Variable importance,0.690999999999999,14.9906,5
137208,kemps_ridley,ogm,2832,155,Data loading,0.0023,12.783100000000001,0
137208,kemps_ridley,ogm,2832,155,Data preparing,0.8677,12.783100000000001,7
137208,kemps_ridley,ogm,2832,155,Ensemble,0.08840000000000003,12.783100000000001,1
137208,kemps_ridley,ogm,2832,155,Masks,0.1850000000000005,12.783100000000001,1
137208,kemps_ridley,ogm,2832,155,Model fit,4.880700000000001,12.783100000000001,38
137208,kemps_ridley,ogm,2832,155,Model prediction,3.3605,12.783100000000001,26
137208,kemps_ridley,ogm,2832,155,Model selection,0.4921,12.783100000000001,4
137208,kemps_ridley,ogm,2832,155,Post-evaluation,1.7506999999999984,12.783100000000001,14
137208,kemps_ridley,ogm,2832,155,Response curves,0.18939999999999912,12.783100000000001,1
137208,kemps_ridley,ogm,2832,155,Sample bias assessment,0.3437,12.783100000000001,3
137208,kemps_ridley,ogm,2832,155,Species data loading,2e-4,12.783100000000001,0
137208,kemps_ridley,ogm,2832,155,Variable importance,0.6224000000000007,12.783100000000001,5
137209,leatherback,mpaeu,16752,7600,Data loading,0.005,1200.4,0
137209,leatherback,mpaeu,16752,7600,Data preparing,2.4161,1200.4,0
137209,leatherback,mpaeu,16752,7600,Ensemble,2.5104999999998654,1200.4,0
137209,leatherback,mpaeu,16752,7600,Masks,0.7190000000000509,1200.4,0
137209,leatherback,mpaeu,16752,7600,Model fit,965.8423,1200.4,80
137209,leatherback,mpaeu,16752,7600,Model prediction,142.25019999999995,1200.4,12
137209,leatherback,mpaeu,16752,7600,Model selection,8.1252,1200.4,1
137209,leatherback,mpaeu,16752,7600,Post-evaluation,66.59460000000013,1200.4,6
137209,leatherback,mpaeu,16752,7600,Response curves,0.45049999999991996,1200.4,0
137209,leatherback,mpaeu,16752,7600,Sample bias assessment,4.6425,1200.4,0
137209,leatherback,mpaeu,16752,7600,Species data loading,0.0068,1200.4,0
137209,leatherback,mpaeu,16752,7600,Variable importance,6.837300000000141,1200.4,1
137209,leatherback,og,16752,8227,Data loading,0.003,328.8057,0
137209,leatherback,og,16752,8227,Data preparing,1.6623999999999999,328.8057,1
137209,leatherback,og,16752,8227,Ensemble,0.13749999999998863,328.8057,0
137209,leatherback,og,16752,8227,Masks,0.21340000000003556,328.8057,0
137209,leatherback,og,16752,8227,Model fit,289.185,328.8057,88
137209,leatherback,og,16752,8227,Model prediction,8.505299999999977,328.8057,3
137209,leatherback,og,16752,8227,Model selection,5.9841,328.8057,2
137209,leatherback,og,16752,8227,Post-evaluation,13.966799999999978,328.8057,4
137209,leatherback,og,16752,8227,Response curves,0.25430000000000064,328.8057,0
137209,leatherback,og,16752,8227,Sample bias assessment,3.2117,328.8057,1
137209,leatherback,og,16752,8227,Species data loading,2e-4,328.8057,0
137209,leatherback,og,16752,8227,Variable importance,5.682000000000016,328.8057,2
137209,leatherback,ogc,16752,8227,Data loading,0.0021999999999999997,452.6519,0
137209,leatherback,ogc,16752,8227,Data preparing,1.2103,452.6519,0
137209,leatherback,ogc,16752,8227,Ensemble,0.178100000000029,452.6519,0
137209,leatherback,ogc,16752,8227,Masks,0.226099999999974,452.6519,0
137209,leatherback,ogc,16752,8227,Model fit,404.4141,452.6519,89
137209,leatherback,ogc,16752,8227,Model prediction,7.669800000000009,452.6519,2
137209,leatherback,ogc,16752,8227,Model selection,0,452.6519,0
137209,leatherback,ogc,16752,8227,Post-evaluation,27.373500000000035,452.6519,6
137209,leatherback,ogc,16752,8227,Response curves,0.255800000000022,452.6519,0
137209,leatherback,ogc,16752,8227,Sample bias assessment,2.3902,452.6519,1
137209,leatherback,ogc,16752,8227,Species data loading,2e-4,452.6519,0
137209,leatherback,ogc,16752,8227,Variable importance,8.931599999999946,452.6519,2
137209,leatherback,ogp,16752,7600,Data loading,0.0036,414.7909000000001,0
137209,leatherback,ogp,16752,7600,Data preparing,1.2617,414.7909000000001,0
137209,leatherback,ogp,16752,7600,Ensemble,0.17369999999999663,414.7909000000001,0
137209,leatherback,ogp,16752,7600,Masks,0.19709999999997763,414.7909000000001,0
137209,leatherback,ogp,16752,7600,Model fit,374.47610000000003,414.7909000000001,90
137209,leatherback,ogp,16752,7600,Model prediction,7.773899999999969,414.7909000000001,2
137209,leatherback,ogp,16752,7600,Model selection,0,414.7909000000001,0
137209,leatherback,ogp,16752,7600,Post-evaluation,19.851800000000026,414.7909000000001,5
137209,leatherback,ogp,16752,7600,Response curves,0.25090000000000146,414.7909000000001,0
137209,leatherback,ogp,16752,7600,Sample bias assessment,2.1845,414.7909000000001,1
137209,leatherback,ogp,16752,7600,Species data loading,2e-4,414.7909000000001,0
137209,leatherback,ogp,16752,7600,Variable importance,8.617400000000032,414.7909000000001,2
159023,right_whale,mpaeu,2923,289,Data loading,0.003700000000000001,101.63000000000001,0
159023,right_whale,mpaeu,2923,289,Data preparing,2.5093,101.63000000000001,2
159023,right_whale,mpaeu,2923,289,Ensemble,2.9727999999999923,101.63000000000001,3
159023,right_whale,mpaeu,2923,289,Masks,0.7279000000000053,101.63000000000001,1
159023,right_whale,mpaeu,2923,289,Model fit,13.8684,101.63000000000001,14
159023,right_whale,mpaeu,2923,289,Model prediction,75.1973,101.63000000000001,74
159023,right_whale,mpaeu,2923,289,Model selection,0.5611999999999999,101.63000000000001,1
159023,right_whale,mpaeu,2923,289,Post-evaluation,4.413799999999995,101.63000000000001,4
159023,right_whale,mpaeu,2923,289,Response curves,0.516200000000012,101.63000000000001,1
159023,right_whale,mpaeu,2923,289,Sample bias assessment,0.5558000000000001,101.63000000000001,1
159023,right_whale,mpaeu,2923,289,Species data loading,0.0062,101.63000000000001,0
159023,right_whale,mpaeu,2923,289,Variable importance,0.2973999999999961,101.63000000000001,0
159023,right_whale,og,2923,155,Data loading,0.0021999999999999997,11.9194,0
159023,right_whale,og,2923,155,Data preparing,0.8793000000000001,11.9194,7
159023,right_whale,og,2923,155,Ensemble,0.08610000000000007,11.9194,1
159023,right_whale,og,2923,155,Masks,0.1963000000000008,11.9194,2
159023,right_whale,og,2923,155,Model fit,3.847,11.9194,32
159023,right_whale,og,2923,155,Model prediction,3.5816,11.9194,30
159023,right_whale,og,2923,155,Model selection,0.5229999999999999,11.9194,4
159023,right_whale,og,2923,155,Post-evaluation,1.796199999999999,11.9194,15
159023,right_whale,og,2923,155,Response curves,0.15949999999999953,11.9194,1
159023,right_whale,og,2923,155,Sample bias assessment,0.47929999999999995,11.9194,4
159023,right_whale,og,2923,155,Species data loading,2e-4,11.9194,0
159023,right_whale,og,2923,155,Variable importance,0.36870000000000047,11.9194,3
159023,right_whale,ogc,2923,155,Data loading,0.0015,13.0787,0
159023,right_whale,ogc,2923,155,Data preparing,0.6893,13.0787,5
159023,right_whale,ogc,2923,155,Ensemble,0.06610000000000049,13.0787,1
159023,right_whale,ogc,2923,155,Masks,0.15009999999999923,13.0787,1
159023,right_whale,ogc,2923,155,Model fit,2.999,13.0787,23
159023,right_whale,ogc,2923,155,Model prediction,1.9250999999999996,13.0787,15
159023,right_whale,ogc,2923,155,Model selection,0,13.0787,0
159023,right_whale,ogc,2923,155,Post-evaluation,6.6414,13.0787,51
159023,right_whale,ogc,2923,155,Response curves,0.13529999999999998,13.0787,1
159023,right_whale,ogc,2923,155,Sample bias assessment,0.2800999999999999,13.0787,2
159023,right_whale,ogc,2923,155,Species data loading,3e-4,13.0787,0
159023,right_whale,ogc,2923,155,Variable importance,0.1905000000000001,13.0787,1
159023,right_whale,ogm,2923,155,Data loading,0.0025,10.740300000000001,0
159023,right_whale,ogm,2923,155,Data preparing,0.8023,10.740300000000001,7
159023,right_whale,ogm,2923,155,Ensemble,0.08579999999999899,10.740300000000001,1
159023,right_whale,ogm,2923,155,Masks,0.18790000000000084,10.740300000000001,2
159023,right_whale,ogm,2923,155,Model fit,3.1864,10.740300000000001,30
159023,right_whale,ogm,2923,155,Model prediction,2.8442,10.740300000000001,26
159023,right_whale,ogm,2923,155,Model selection,0.42090000000000005,10.740300000000001,4
159023,right_whale,ogm,2923,155,Post-evaluation,2.3820999999999994,10.740300000000001,22
159023,right_whale,ogm,2923,155,Response curves,0.14280000000000026,10.740300000000001,1
159023,right_whale,ogm,2923,155,Sample bias assessment,0.35109999999999986,10.740300000000001,3
159023,right_whale,ogm,2923,155,Species data loading,2e-4,10.740300000000001,0
159023,right_whale,ogm,2923,155,Variable importance,0.3341000000000003,10.740300000000001,3
159023,right_whale,ogp,2923,289,Data loading,0.0026,10.0928,0
159023,right_whale,ogp,2923,289,Data preparing,0.7243999999999999,10.0928,7
159023,right_whale,ogp,2923,289,Ensemble,0.06449999999999978,10.0928,1
159023,right_whale,ogp,2923,289,Masks,0.1493000000000002,10.0928,1
159023,right_whale,ogp,2923,289,Model fit,3.9904,10.0928,40
159023,right_whale,ogp,2923,289,Model prediction,2.3898,10.0928,24
159023,right_whale,ogp,2923,289,Model selection,0,10.0928,0
159023,right_whale,ogp,2923,289,Post-evaluation,2.1024000000000003,10.0928,21
159023,right_whale,ogp,2923,289,Response curves,0.13490000000000002,10.0928,1
159023,right_whale,ogp,2923,289,Sample bias assessment,0.2834,10.0928,3
159023,right_whale,ogp,2923,289,Species data loading,3e-4,10.0928,0
159023,right_whale,ogp,2923,289,Variable importance,0.2507999999999999,10.0928,2
220293,olive_ridley,mpaeu,7591,2016,Data loading,0.0041,448.9771,0
220293,olive_ridley,mpaeu,7591,2016,Data preparing,3.6819,448.9771,1
220293,olive_ridley,mpaeu,7591,2016,Ensemble,3.024400000000014,448.9771,1
220293,olive_ridley,mpaeu,7591,2016,Masks,0.9377999999999815,448.9771,0
220293,olive_ridley,mpaeu,7591,2016,Model fit,274.1786,448.9771,61
220293,olive_ridley,mpaeu,7591,2016,Model prediction,136.68350000000004,448.9771,30
220293,olive_ridley,mpaeu,7591,2016,Model selection,4.0674,448.9771,1
220293,olive_ridley,mpaeu,7591,2016,Post-evaluation,20.940600000000018,448.9771,5
220293,olive_ridley,mpaeu,7591,2016,Response curves,0.7157999999999447,448.9771,0
220293,olive_ridley,mpaeu,7591,2016,Sample bias assessment,0.9424999999999994,448.9771,0
220293,olive_ridley,mpaeu,7591,2016,Species data loading,0.0062,448.9771,0
220293,olive_ridley,mpaeu,7591,2016,Variable importance,3.794300000000021,448.9771,1
220293,olive_ridley,og,7591,3054,Data loading,0.0026999999999999997,123.245,0
220293,olive_ridley,og,7591,3054,Data preparing,1.6437000000000002,123.245,1
220293,olive_ridley,og,7591,3054,Ensemble,0.117999999999995,123.245,0
220293,olive_ridley,og,7591,3054,Masks,0.19700000000000273,123.245,0
220293,olive_ridley,og,7591,3054,Model fit,102.7438,123.245,83
220293,olive_ridley,og,7591,3054,Model prediction,4.9591000000000065,123.245,4
220293,olive_ridley,og,7591,3054,Model selection,2.8267,123.245,2
220293,olive_ridley,og,7591,3054,Post-evaluation,7.308700000000002,123.245,6
220293,olive_ridley,og,7591,3054,Response curves,0.21649999999999636,123.245,0
220293,olive_ridley,og,7591,3054,Sample bias assessment,0.7785999999999997,123.245,1
220293,olive_ridley,og,7591,3054,Species data loading,2e-4,123.245,0
220293,olive_ridley,og,7591,3054,Variable importance,2.450000000000003,123.245,2
220293,olive_ridley,ogm,7591,3054,Data loading,0.0026999999999999997,142.41790000000003,0
220293,olive_ridley,ogm,7591,3054,Data preparing,1.37,142.41790000000003,1
220293,olive_ridley,ogm,7591,3054,Ensemble,0.12940000000000396,142.41790000000003,0
220293,olive_ridley,ogm,7591,3054,Masks,0.21010000000001128,142.41790000000003,0
220293,olive_ridley,ogm,7591,3054,Model fit,115.33229999999999,142.41790000000003,81
220293,olive_ridley,ogm,7591,3054,Model prediction,5.772100000000009,142.41790000000003,4
220293,olive_ridley,ogm,7591,3054,Model selection,3.2011,142.41790000000003,2
220293,olive_ridley,ogm,7591,3054,Post-evaluation,11.903899999999993,142.41790000000003,8
220293,olive_ridley,ogm,7591,3054,Response curves,0.22589999999999577,142.41790000000003,0
220293,olive_ridley,ogm,7591,3054,Sample bias assessment,0.6021000000000001,142.41790000000003,0
220293,olive_ridley,ogm,7591,3054,Species data loading,2e-4,142.41790000000003,0
220293,olive_ridley,ogm,7591,3054,Variable importance,3.6680999999999955,142.41790000000003,3
